0, 04-05-2020 20:07:11, Hardware monitoring log v1.5 ,,,,,,
1, 04-05-2020 20:07:11, Radeon RX 580 Series,Microsoft Basic Display Adapter,,,,,
2, 04-05-2020 20:07:11, GPU1 usage          ,Framerate           ,Frametime           ,CPU usage           ,RAM usage           ,,
3, 04-05-2020 20:07:11,0,%                   ,0,100,10,                    ,                    
3, 04-05-2020 20:07:11,1,FPS                 ,0,200,10,                    ,                    
3, 04-05-2020 20:07:11,2,ms                  ,0,100,10,                    ,                    
3, 04-05-2020 20:07:11,3,%                   ,0,100,10,                    ,                    
3, 04-05-2020 20:07:11,4,MB                  ,0,16384,10,                    ,                    
80, 04-05-2020 20:07:11,0,0,0,8.391,2522,,
80, 04-05-2020 20:07:12,0,0,0,5.659,2522,,
80, 04-05-2020 20:07:13,0,0,0,5.859,2522,,
80, 04-05-2020 20:07:14,0,0,0,1.563,2522,,
80, 04-05-2020 20:07:15,24,2505.3,15.774,17.188,2635,,82.89
80, 04-05-2020 20:07:16,42,3204.5,0.814,39.453,2634,,86.28
80, 04-05-2020 20:07:17,40,2941.9,1.084,33.594,2634,,86.79
80, 04-05-2020 20:07:18,48,0,0,35.156,2630,,87.06
80, 04-05-2020 20:07:19,35,0,0,33.984,2641,,88.23
80, 04-05-2020 20:07:20,26,0,0,40.234,2682,,88.23
80, 04-05-2020 20:07:21,30,0,0,34.766,2681,,88.14
80, 04-05-2020 20:07:22,36,0,0,32.813,2681,,88.41
80, 04-05-2020 20:07:23,47,0,0,34.375,2682,,88.32
80, 04-05-2020 20:07:24,43,0,0,33.203,2684,,88.32
80, 04-05-2020 20:07:25,37,0,0,35.156,2683,,87.58
80, 04-05-2020 20:07:26,34,0,0,35.938,2683,,87.11
80, 04-05-2020 20:07:27,35,0,0,33.082,2681,,87.44
80, 04-05-2020 20:07:28,40,0,0,33.696,2687,,88.12
80, 04-05-2020 20:07:29,35,0,0,30.469,2688,,88.12
80, 04-05-2020 20:07:30,29,0,0,31.25,2688,,90.26
80, 04-05-2020 20:07:31,17,0,0,31.25,2684,,88.71
80, 04-05-2020 20:07:32,19,0,0,34.766,2690,,91.2
80, 04-05-2020 20:07:33,62,0,0,31.25,2688,,91.2
80, 04-05-2020 20:07:34,69,0,0,30.469,2688,,88.44
80, 04-05-2020 20:07:35,64,0,0,30.078,2689,,90.94
80, 04-05-2020 20:07:36,80,0,0,32.031,2684,,88.48
80, 04-05-2020 20:07:37,65,0,0,29.297,2690,,91.63
80, 04-05-2020 20:07:38,42,0,0,31.641,2691,,91.63
80, 04-05-2020 20:07:39,41,0,0,30.859,2690,,91.73
80, 04-05-2020 20:07:40,42,0,0,30.859,2685,,93.69
80, 04-05-2020 20:07:41,28,0,0,30.078,2692,,94.38
80, 04-05-2020 20:07:42,57,0,0,30.078,2692,,94.38
80, 04-05-2020 20:07:43,66,0,0,30.469,2693,,93.42
80, 04-05-2020 20:07:44,39,0,0,31.641,2694,,92.7
80, 04-05-2020 20:07:45,34,0,0,30.859,2687,,92.78
80, 04-05-2020 20:07:46,59,0,0,30.859,2694,,93.84
80, 04-05-2020 20:07:47,63,0,0,29.297,2695,,93.84
80, 04-05-2020 20:07:48,68,0,0,29.297,2695,,94.98
80, 04-05-2020 20:07:49,94,0,0,30.859,2688,,91.39
80, 04-05-2020 20:07:50,71,0,0,31.25,2695,,90.43
80, 04-05-2020 20:07:51,40,0,0,29.297,2695,,90.43
80, 04-05-2020 20:07:52,53,0,0,29.688,2697,,93.02
80, 04-05-2020 20:07:53,75,0,0,27.353,2697,,97.93
80, 04-05-2020 20:07:54,53,0,0,30.078,2690,,98.71
80, 04-05-2020 20:07:55,27,0,0,30.469,2699,,99.32
80, 04-05-2020 20:07:56,53,0,0,27.344,2698,,99.32
80, 04-05-2020 20:07:57,82,0,0,29.297,2698,,93.64
80, 04-05-2020 20:07:58,63,0,0,29.688,2691,,99.74
80, 04-05-2020 20:07:59,41,0,0,33.203,2700,,99.21
80, 04-05-2020 20:08:00,31,0,0,30.078,2702,,99.58
80, 04-05-2020 20:08:01,36,0,0,29.688,2704,,99.58
80, 04-05-2020 20:08:02,42,0,0,26.563,2704,,99.85
80, 04-05-2020 20:08:03,16,0,0,28.906,2698,,96.31
80, 04-05-2020 20:08:04,4,0,0,28.906,2705,,101.03
80, 04-05-2020 20:08:05,10,0,0,30.469,2705,,101.03
80, 04-05-2020 20:08:06,7,0,0,29.688,2705,,101.07
80, 04-05-2020 20:08:07,13,0,0,28.125,2699,,101.38
80, 04-05-2020 20:08:08,38,0,0,30.078,2708,,102.68
80, 04-05-2020 20:08:09,54,0,0,28.516,2703,,102.81
80, 04-05-2020 20:08:10,50,0,0,27.734,2702,,102.81
80, 04-05-2020 20:08:11,52,0,0,28.125,2703,,102.83
80, 04-05-2020 20:08:12,46,0,0,26.953,2694,,103.76
80, 04-05-2020 20:08:13,49,0,0,28.906,2703,,99.43
80, 04-05-2020 20:08:14,65,0,0,30.469,2703,,99.43
80, 04-05-2020 20:08:15,66,0,0,27.344,2702,,103.15
80, 04-05-2020 20:08:16,45,0,0,29.297,2701,,104.54
80, 04-05-2020 20:08:17,40,0,0,28.906,2704,,104.87
80, 04-05-2020 20:08:18,76,0,0,28.906,2704,,105.07
80, 04-05-2020 20:08:19,63,0,0,28.906,2704,,105.07
80, 04-05-2020 20:08:20,40,0,0,28.516,2704,,105.96
80, 04-05-2020 20:08:21,35,0,0,27.344,2699,,106.57
80, 04-05-2020 20:08:22,29,0,0,28.125,2705,,107.12
80, 04-05-2020 20:08:23,24,0,0,28.906,2705,,107.12
80, 04-05-2020 20:08:24,46,0,0,26.953,2707,,107.22
80, 04-05-2020 20:08:25,61,0,0,31.641,2713,,107.94
80, 04-05-2020 20:08:26,61,0,0,28.516,2720,,107.73
80, 04-05-2020 20:08:27,68,0,0,28.516,2720,,106.73
80, 04-05-2020 20:08:28,44,0,0,29.297,2720,,106.73
80, 04-05-2020 20:08:29,23,0,0,28.125,2720,,108.55
80, 04-05-2020 20:08:30,49,0,0,26.563,2714,,109.08
80, 04-05-2020 20:08:31,60,0,0,29.297,2722,,109.53
80, 04-05-2020 20:08:32,48,0,0,27.344,2722,,109.53
80, 04-05-2020 20:08:33,52,0,0,27.344,2724,,110.32
80, 04-05-2020 20:08:34,33,0,0,27.344,2717,,110.78
80, 04-05-2020 20:08:35,36,0,0,28.516,2724,,111.36
80, 04-05-2020 20:08:36,55,0,0,26.563,2724,,111.91
80, 04-05-2020 20:08:37,50,0,0,28.516,2726,,111.91
80, 04-05-2020 20:08:38,60,0,0,28.125,2728,,112.42
80, 04-05-2020 20:08:39,64,0,0,27.734,2720,,112.94
80, 04-05-2020 20:08:40,27,0,0,28.906,2726,,113.46
80, 04-05-2020 20:08:41,7,0,0,28.516,2727,,113.46
80, 04-05-2020 20:08:42,41,0,0,28.516,2727,,113.73
80, 04-05-2020 20:08:43,67,0,0,28.125,2727,,114.6
80, 04-05-2020 20:08:44,64,0,0,28.906,2729,,115.07
80, 04-05-2020 20:08:45,51,0,0,27.344,2731,,115.79
80, 04-05-2020 20:08:46,39,0,0,31.25,2730,,115.79
80, 04-05-2020 20:08:47,55,0,0,28.125,2730,,116.3
80, 04-05-2020 20:08:48,54,0,0,26.172,2725,,116.5
80, 04-05-2020 20:08:49,50,0,0,29.297,2734,,118.18
80, 04-05-2020 20:08:50,62,0,0,29.297,2735,,118.55
80, 04-05-2020 20:08:51,48,0,0,28.125,2734,,118.55
80, 04-05-2020 20:08:52,57,0,0,27.344,2728,,119.71
80, 04-05-2020 20:08:53,78,0,0,27.734,2736,,119.22
80, 04-05-2020 20:08:54,56,0,0,27.734,2736,,120.18
80, 04-05-2020 20:08:55,39,0,0,28.906,2737,,120.18
80, 04-05-2020 20:08:56,24,0,0,29.688,2739,,121.25
80, 04-05-2020 20:08:57,15,0,0,28.516,2735,,122.09
80, 04-05-2020 20:08:58,32,0,0,30.859,2739,,122.19
80, 04-05-2020 20:08:59,52,0,0,28.516,2739,,122.19
80, 04-05-2020 20:09:00,51,0,0,29.297,2742,,122.86
80, 04-05-2020 20:09:01,52,0,0,26.953,2733,,123.38
80, 04-05-2020 20:09:02,72,0,0,28.516,2740,,124.05
80, 04-05-2020 20:09:03,62,0,0,27.734,2740,,124.83
80, 04-05-2020 20:09:04,56,0,0,28.906,2740,,124.83
80, 04-05-2020 20:09:05,67,0,0,28.516,2740,,125.47
80, 04-05-2020 20:09:06,65,0,0,28.125,2736,,126.3
80, 04-05-2020 20:09:07,45,0,0,26.172,2744,,127.39
80, 04-05-2020 20:09:08,49,0,0,29.688,2743,,127.81
80, 04-05-2020 20:09:09,64,0,0,29.688,2742,,127.81
80, 04-05-2020 20:09:10,30,0,0,26.563,2738,,128.45
80, 04-05-2020 20:09:11,13,0,0,28.125,2746,,129.04
80, 04-05-2020 20:09:12,14,0,0,28.906,2746,,129.25
80, 04-05-2020 20:09:13,35,0,0,27.344,2748,,129.25
80, 04-05-2020 20:09:14,58,0,0,26.563,2748,,130.65
80, 04-05-2020 20:09:15,64,345.7,13.84,28.516,2745,,131.48
80, 04-05-2020 20:09:16,69,347.3,6.143,28.906,2751,,131.79
80, 04-05-2020 20:09:17,65,356.2,5.922,28.516,2750,,132.79
80, 04-05-2020 20:09:18,76,351.5,6.077,28.906,2748,,132.79
80, 04-05-2020 20:09:19,41,350.8,6.196,28.125,2748,,134.04
80, 04-05-2020 20:09:20,41,346.7,6.174,27.734,2753,,134.94
80, 04-05-2020 20:09:21,79,344.8,6.277,29.688,2753,,135.44
80, 04-05-2020 20:09:22,83,341.1,6.285,28.125,2754,,135.44
80, 04-05-2020 20:09:23,72,341.1,5.887,28.488,2756,,136.26
80, 04-05-2020 20:09:24,39,338.1,6.744,28.516,2749,,137.02
80, 04-05-2020 20:09:25,43,334.6,6.681,30.078,2754,,138.2
80, 04-05-2020 20:09:26,64,333.1,6.251,28.125,2753,,138.82
80, 04-05-2020 20:09:27,48,329.3,6.422,28.516,2753,,138.82
80, 04-05-2020 20:09:28,29,327.3,5.995,27.734,2753,,139.6
80, 04-05-2020 20:09:29,12,326.9,6.234,27.734,2754,,140.09
80, 04-05-2020 20:09:30,0,323.2,6.361,29.297,2755,,140.87
80, 04-05-2020 20:09:31,43,320.2,6.514,29.297,2755,,140.87
80, 04-05-2020 20:09:32,63,319.8,6.328,27.734,2756,,142.07
80, 04-05-2020 20:09:33,42,319.1,6.386,28.516,2757,,142.92
80, 04-05-2020 20:09:34,53,314.3,7.176,29.297,2757,,143.79
80, 04-05-2020 20:09:35,63,312.3,6.799,27.344,2760,,144.59
80, 04-05-2020 20:09:36,64,310.7,6.748,28.906,2760,,144.59
80, 04-05-2020 20:09:37,51,307.9,6.789,28.906,2755,,145.52
80, 04-05-2020 20:09:38,23,308.5,6.446,27.734,2763,,146.37
80, 04-05-2020 20:09:39,26,305.3,6.986,29.297,2763,,147.32
80, 04-05-2020 20:09:40,59,303.6,6.513,28.906,2765,,147.32
80, 04-05-2020 20:09:41,75,300.7,6.517,28.516,2765,,148.48
80, 04-05-2020 20:09:42,39,298.7,6.411,28.516,2765,,149.39
80, 04-05-2020 20:09:43,32,292.7,6.486,29.297,2767,,150.29
80, 04-05-2020 20:09:44,69,296.4,6.339,28.125,2767,,150.29
80, 04-05-2020 20:09:45,75,289.2,6.937,30.469,2767,,150.29
80, 04-05-2020 20:09:46,37,291.3,7.058,28.125,2765,,152.15
80, 04-05-2020 20:09:47,27,289.3,6.724,29.297,2772,,153.06
80, 04-05-2020 20:09:48,49,285.4,6.75,28.906,2771,,153.91
80, 04-05-2020 20:09:49,57,285.8,6.791,28.906,2770,,153.91
80, 04-05-2020 20:09:50,63,283.5,6.802,28.516,2766,,154.82
80, 04-05-2020 20:09:51,33,281.6,6.628,28.125,2773,,155.84
80, 04-05-2020 20:09:52,39,280.3,6.707,28.906,2774,,156.69
80, 04-05-2020 20:09:53,45,278.8,6.81,27.734,2777,,158.12
80, 04-05-2020 20:09:54,45,276.3,6.862,28.125,2770,,158.12
80, 04-05-2020 20:09:55,66,274.4,6.967,27.344,2770,,159.22
80, 04-05-2020 20:09:56,31,274.3,6.693,27.734,2778,,160.67
80, 04-05-2020 20:09:57,13,269.7,6.915,29.688,2779,,161.7
80, 04-05-2020 20:09:58,51,271.1,6.997,28.516,2777,,161.7
80, 04-05-2020 20:09:59,76,268.3,6.897,28.125,2773,,162.13
80, 04-05-2020 20:10:00,50,269.6,6.734,28.125,2782,,163.28
80, 04-05-2020 20:10:01,28,265.1,7.053,28.906,2782,,164.29
80, 04-05-2020 20:10:02,46,265.6,6.94,27.344,2783,,165.39
80, 04-05-2020 20:10:03,64,262.4,6.946,28.906,2776,,165.39
80, 04-05-2020 20:10:04,51,262.1,6.708,27.344,2777,,165.79
80, 04-05-2020 20:10:05,40,261.5,6.758,28.125,2785,,166.77
80, 04-05-2020 20:10:06,58,257.9,6.951,28.906,2786,,168.32
80, 04-05-2020 20:10:07,55,258.3,6.836,26.172,2786,,168.96
80, 04-05-2020 20:10:08,40,256.1,7.161,28.125,2787,,168.96
80, 04-05-2020 20:10:09,33,255.8,7.667,27.344,2787,,170.04
80, 04-05-2020 20:10:10,44,255,6.818,29.688,2792,,171.96
80, 04-05-2020 20:10:11,50,251.7,6.922,27.734,2790,,171.94
80, 04-05-2020 20:10:12,50,250.5,7.33,29.297,2789,,171.94
80, 04-05-2020 20:10:13,42,249.3,7.046,28.516,2789,,174.06
80, 04-05-2020 20:10:14,34,249.4,6.758,26.953,2793,,172.62
80, 04-05-2020 20:10:15,65,246.3,7.438,29.297,2795,,176.89
80, 04-05-2020 20:10:16,59,247.2,7.288,29.297,2794,,176.91
80, 04-05-2020 20:10:17,58,244,6.872,29.297,2795,,176.91
80, 04-05-2020 20:10:18,40,243.7,7.327,27.734,2797,,178.57
80, 04-05-2020 20:10:19,34,243.1,7.253,28.516,2798,,179.77
80, 04-05-2020 20:10:20,42,240.5,7.157,28.147,2800,,181
80, 04-05-2020 20:10:21,33,240.9,7.383,27.734,2799,,181
80, 04-05-2020 20:10:22,63,237.9,7.334,30.469,2795,,182.16
80, 04-05-2020 20:10:23,73,237.9,7.373,27.344,2803,,183.22
80, 04-05-2020 20:10:24,76,237.2,7.242,27.734,2804,,184.25
80, 04-05-2020 20:10:25,64,234.8,7.505,28.516,2802,,185.89
80, 04-05-2020 20:10:26,51,233.7,7.307,27.734,2807,,185.89
80, 04-05-2020 20:10:27,47,232.8,7.371,28.516,2808,,187.3
80, 04-05-2020 20:10:28,25,232.9,7.405,28.516,2809,,188.2
80, 04-05-2020 20:10:29,5,231.3,7.629,28.125,2812,,189.28
80, 04-05-2020 20:10:30,25,229,7.492,27.344,2808,,189.28
80, 04-05-2020 20:10:31,50,227.8,7.619,28.906,2806,,190.21
80, 04-05-2020 20:10:32,57,228.4,7.245,26.953,2814,,191.26
80, 04-05-2020 20:10:33,75,227.3,7.85,28.516,2814,,192.48
80, 04-05-2020 20:10:34,74,224.2,7.949,32.813,2726,,192.48
80, 04-05-2020 20:10:35,54,225.1,7.911,26.953,2720,,194.48
80, 04-05-2020 20:10:36,58,224.7,7.553,28.906,2730,,195.85
80, 04-05-2020 20:10:37,67,221.8,8.814,30.078,2730,,196.78
80, 04-05-2020 20:10:38,52,221.7,7.762,29.297,2731,,197.49
80, 04-05-2020 20:10:39,45,219.1,7.832,28.516,2723,,197.49
80, 04-05-2020 20:10:40,52,219.2,7.804,29.688,2719,,199.01
80, 04-05-2020 20:10:41,37,219.5,7.399,26.953,2730,,200.91
80, 04-05-2020 20:10:42,46,216.4,7.899,28.125,2730,,203.05
80, 04-05-2020 20:10:43,69,217.3,7.77,26.953,2727,,203.57
80, 04-05-2020 20:10:44,65,215.1,7.758,28.516,2732,,203.57
80, 04-05-2020 20:10:45,64,213.5,8.14,28.125,2733,,204.73
80, 04-05-2020 20:10:46,53,214.2,7.613,28.125,2732,,205.75
80, 04-05-2020 20:10:47,25,212.7,7.835,28.516,2733,,206.6
80, 04-05-2020 20:10:48,28,211.3,7.823,29.297,2732,,206.6
80, 04-05-2020 20:10:49,42,210.4,7.998,28.125,2727,,209.02
80, 04-05-2020 20:10:50,26,210.9,7.776,27.344,2736,,210.32
80, 04-05-2020 20:10:51,22,208.2,7.815,28.516,2736,,211.94
80, 04-05-2020 20:10:52,41,208.8,7.85,28.516,2737,,212.84
80, 04-05-2020 20:10:53,57,205.7,7.87,29.297,2741,,212.84
80, 04-05-2020 20:10:54,38,206.1,8.473,28.125,2739,,214.07
80, 04-05-2020 20:10:55,49,205.4,7.986,27.734,2744,,215.61
80, 04-05-2020 20:10:56,49,203.5,8.471,26.563,2751,,216.87
80, 04-05-2020 20:10:57,42,202.4,7.968,28.125,2750,,216.87
80, 04-05-2020 20:10:58,69,201.1,7.868,27.734,2744,,218.47
80, 04-05-2020 20:10:59,74,201.9,7.984,27.344,2754,,219.89
80, 04-05-2020 20:11:00,46,199.7,8.329,29.297,2755,,221.35
80, 04-05-2020 20:11:01,35,198.8,8.226,27.734,2755,,223.15
80, 04-05-2020 20:11:02,42,197.7,8.217,28.516,2762,,223.15
80, 04-05-2020 20:11:03,46,196.5,8.464,27.344,2759,,223.49
80, 04-05-2020 20:11:04,62,197.3,8.1,28.516,2759,,225.93
80, 04-05-2020 20:11:05,62,194.7,8.364,28.125,2763,,226.94
80, 04-05-2020 20:11:06,67,195.3,8.077,28.125,2761,,226.94
80, 04-05-2020 20:11:07,47,194.1,8.318,27.734,2756,,228.64
80, 04-05-2020 20:11:08,52,193.4,8.591,27.734,2765,,230.09
80, 04-05-2020 20:11:09,59,192.6,8.157,28.516,2765,,230.98
80, 04-05-2020 20:11:10,50,191.9,8.531,29.297,2760,,233.08
80, 04-05-2020 20:11:11,76,190.9,8.803,28.125,2771,,233.08
80, 04-05-2020 20:11:12,70,190.5,8.512,28.125,2769,,233.59
80, 04-05-2020 20:11:13,35,190.3,8.152,27.734,2769,,235.9
80, 04-05-2020 20:11:14,42,188.8,8.343,28.125,2774,,237.53
80, 04-05-2020 20:11:15,65,188.7,8.411,27.344,2772,,237.53
80, 04-05-2020 20:11:16,72,186.8,8.25,28.125,2766,,238.93
80, 04-05-2020 20:11:17,74,186.8,8.19,26.563,2776,,239.98
80, 04-05-2020 20:11:18,70,186.2,8.337,28.516,2776,,242.1
80, 04-05-2020 20:11:19,41,184.8,8.389,26.953,2771,,236.71
80, 04-05-2020 20:11:20,36,184,8.4,28.906,2781,,236.71
80, 04-05-2020 20:11:21,37,184.4,8.387,26.953,2781,,244.62
80, 04-05-2020 20:11:22,15,183.7,8.268,28.516,2781,,246.61
80, 04-05-2020 20:11:23,21,182.3,8.734,27.734,2789,,247.79
80, 04-05-2020 20:11:24,33,181.3,8.591,27.344,2782,,250.29
80, 04-05-2020 20:11:25,50,180.2,9.186,28.125,2790,,250.29
80, 04-05-2020 20:11:26,41,181.2,8.492,28.516,2790,,252.14
80, 04-05-2020 20:11:27,26,180.8,8.404,26.953,2791,,252.41
80, 04-05-2020 20:11:28,45,178.4,8.759,28.516,2781,,253.48
80, 04-05-2020 20:11:29,66,178.3,8.892,27.734,2791,,253.48
80, 04-05-2020 20:11:30,70,177.2,8.925,26.953,2792,,255.95
80, 04-05-2020 20:11:31,35,177.9,8.438,28.516,2793,,257.52
80, 04-05-2020 20:11:32,12,175.2,8.725,29.688,2794,,259.58
80, 04-05-2020 20:11:33,48,175.8,8.613,27.734,2789,,260.69
80, 04-05-2020 20:11:34,59,175.8,9.235,28.516,2797,,260.69
80, 04-05-2020 20:11:35,54,174.3,9.002,27.734,2799,,262.5
80, 04-05-2020 20:11:36,61,175.2,8.536,26.563,2800,,264.34
80, 04-05-2020 20:11:37,60,173,8.436,28.125,2801,,265.84
80, 04-05-2020 20:11:38,40,173.3,8.73,27.344,2804,,265.84
80, 04-05-2020 20:11:39,19,172.4,8.863,27.734,2806,,267.71
80, 04-05-2020 20:11:40,13,172.8,8.703,26.172,2806,,269.41
80, 04-05-2020 20:11:41,41,171.4,9.145,29.688,2809,,270.96
80, 04-05-2020 20:11:42,66,170.5,9.096,27.734,2802,,271.7
80, 04-05-2020 20:11:43,69,169.3,8.985,29.688,2810,,271.7
80, 04-05-2020 20:11:44,74,168.7,8.561,28.906,2813,,274.73
80, 04-05-2020 20:11:45,35,169.4,8.843,26.953,2813,,275.64
80, 04-05-2020 20:11:46,45,167.6,8.95,27.734,2812,,277.76
80, 04-05-2020 20:11:47,81,167.6,8.737,28.906,2817,,277.76
80, 04-05-2020 20:11:48,66,166.7,8.981,27.344,2819,,279.47
80, 04-05-2020 20:11:49,60,166.6,8.853,28.906,2820,,281.2
80, 04-05-2020 20:11:50,66,165.7,10.218,30.795,2821,,282.21
80, 04-05-2020 20:11:51,62,165.4,8.944,27.344,2820,,284.01
80, 04-05-2020 20:11:52,36,164.8,9.1,28.516,2825,,284.01
80, 04-05-2020 20:11:53,52,163.6,8.903,27.734,2825,,286.32
80, 04-05-2020 20:11:54,77,163.9,9.049,26.953,2829,,288.12
80, 04-05-2020 20:11:55,46,163.4,9.056,28.125,2823,,289.71
80, 04-05-2020 20:11:56,34,161.7,9.385,29.297,2831,,289.71
80, 04-05-2020 20:11:57,50,162.3,8.924,27.734,2831,,284.72
80, 04-05-2020 20:11:58,57,161.8,9.206,27.734,2833,,293.05
80, 04-05-2020 20:11:59,57,160.4,9.375,27.344,2834,,295.25
80, 04-05-2020 20:12:00,67,160.4,9.459,27.734,2834,,296.18
80, 04-05-2020 20:12:01,41,159.3,9.209,27.344,2839,,296.18
80, 04-05-2020 20:12:02,37,158.3,9.912,28.906,2840,,298.52
80, 04-05-2020 20:12:03,61,158.8,9.241,26.953,2842,,296.06
80, 04-05-2020 20:12:04,62,157.5,9.618,30.078,2835,,302.61
80, 04-05-2020 20:12:05,75,157.3,9.375,27.734,2846,,305.05
80, 04-05-2020 20:12:06,80,157.4,9.033,27.344,2849,,305.05
80, 04-05-2020 20:12:07,70,156.9,9.268,27.734,2849,,306.48
80, 04-05-2020 20:12:08,60,156.5,9.136,28.516,2851,,308.78
80, 04-05-2020 20:12:09,60,154.6,9.357,28.125,2844,,309.75
80, 04-05-2020 20:12:10,60,155.3,9.353,27.734,2853,,309.75
80, 04-05-2020 20:12:11,63,153.8,9.348,29.297,2852,,311.64
80, 04-05-2020 20:12:12,74,154.3,9.329,27.734,2856,,313.4
80, 04-05-2020 20:12:13,56,153.2,9.667,27.734,2853,,315.15
80, 04-05-2020 20:12:14,46,152.8,9.355,28.125,2860,,317.55
80, 04-05-2020 20:12:15,74,152.2,9.278,28.516,2862,,317.55
80, 04-05-2020 20:12:16,73,151.9,9.222,27.344,2861,,319.53
80, 04-05-2020 20:12:17,45,151.7,9.252,28.125,2863,,321.31
80, 04-05-2020 20:12:18,40,151.2,9.744,28.906,2862,,322.24
80, 04-05-2020 20:12:19,27,150.2,10.573,28.125,2866,,322.24
80, 04-05-2020 20:12:20,14,150.1,9.666,28.125,2868,,324.88
80, 04-05-2020 20:12:21,24,150.2,9.27,28.906,2870,,326.88
80, 04-05-2020 20:12:22,42,148.6,9.677,27.344,2867,,328.87
80, 04-05-2020 20:12:23,68,148.8,10.358,26.953,2874,,330.75
80, 04-05-2020 20:12:24,69,148.2,10.015,28.516,2875,,330.75
80, 04-05-2020 20:12:25,46,147.7,9.453,27.734,2875,,332.8
80, 04-05-2020 20:12:26,51,147.8,9.503,29.688,2878,,333.85
80, 04-05-2020 20:12:27,44,146.4,10.404,27.344,2874,,336.73
80, 04-05-2020 20:12:28,23,145.9,9.608,27.344,2880,,336.73
80, 04-05-2020 20:12:29,49,146.6,9.446,28.125,2884,,338.67
80, 04-05-2020 20:12:30,67,145.7,9.907,27.344,2887,,340.73
80, 04-05-2020 20:12:31,65,145.8,10.013,27.344,2882,,342.91
80, 04-05-2020 20:12:32,28,144.9,9.896,27.344,2889,,344.5
80, 04-05-2020 20:12:33,28,144.1,9.741,28.125,2889,,344.5
80, 04-05-2020 20:12:34,58,144.2,9.914,28.516,2893,,346.86
80, 04-05-2020 20:12:35,60,143.4,9.868,28.125,2893,,348.39
80, 04-05-2020 20:12:36,31,142.2,10.416,28.125,2888,,350.85
80, 04-05-2020 20:12:37,22,142.6,9.894,27.734,2897,,350.85
80, 04-05-2020 20:12:38,22,142.6,10.456,27.344,2897,,352.71
80, 04-05-2020 20:12:39,11,141.5,10.225,28.516,2899,,355.64
80, 04-05-2020 20:12:40,44,141.6,9.96,26.563,2895,,355.98
80, 04-05-2020 20:12:41,75,140.2,9.87,27.344,2903,,358.93
80, 04-05-2020 20:12:42,85,140.1,10.519,28.516,2906,,358.93
80, 04-05-2020 20:12:43,75,139.9,9.996,28.516,2908,,361.12
80, 04-05-2020 20:12:44,65,139.9,10.082,28.906,2908,,363.18
80, 04-05-2020 20:12:45,66,138.8,9.98,29.688,2902,,365.19
80, 04-05-2020 20:12:46,68,138.9,9.97,27.344,2912,,365.19
80, 04-05-2020 20:12:47,61,137.8,10.108,26.953,2913,,367.6
80, 04-05-2020 20:12:48,52,138,10.415,27.75,2916,,369.41
80, 04-05-2020 20:12:49,57,138.4,10.094,26.953,2911,,371.21
80, 04-05-2020 20:12:50,57,136.7,10.323,27.344,2919,,373.47
80, 04-05-2020 20:12:51,65,136.3,10.341,28.125,2921,,373.47
80, 04-05-2020 20:12:52,59,135.7,10.076,26.563,2920,,375.29
80, 04-05-2020 20:12:53,49,136.4,9.952,26.563,2923,,377.79
80, 04-05-2020 20:12:54,37,135,10.262,26.953,2920,,379.84
80, 04-05-2020 20:12:55,43,135.4,10.253,26.953,2928,,381.74
80, 04-05-2020 20:12:56,38,134.8,10.404,27.734,2929,,381.74
80, 04-05-2020 20:12:57,37,134.3,10.787,28.125,2930,,383.68
80, 04-05-2020 20:12:58,50,134.8,10.767,26.172,2926,,386.31
80, 04-05-2020 20:12:59,18,133.8,10.506,27.344,2935,,388.5
80, 04-05-2020 20:13:00,45,133.1,10.814,27.734,2937,,388.5
80, 04-05-2020 20:13:01,88,133.1,10.408,28.516,2939,,390.65
80, 04-05-2020 20:13:02,76,133.3,9.969,28.125,2942,,392.91
80, 04-05-2020 20:13:03,66,131.8,10.605,29.297,2935,,394.99
80, 04-05-2020 20:13:04,33,132.3,10.404,27.344,2945,,397.31
80, 04-05-2020 20:13:05,33,131.1,10.42,28.906,2945,,397.31
80, 04-05-2020 20:13:06,46,130.9,10.682,28.125,2947,,399.58
80, 04-05-2020 20:13:07,38,130.8,10.27,25.781,2940,,401.77
80, 04-05-2020 20:13:08,42,130.2,10.4,26.953,2950,,402.98
80, 04-05-2020 20:13:09,51,129.3,10.85,27.344,2947,,402.98
80, 04-05-2020 20:13:10,65,129.8,11.236,27.344,2949,,406.14
80, 04-05-2020 20:13:11,50,129.9,10.507,26.563,2951,,408.33
80, 04-05-2020 20:13:12,38,128.9,10.868,27.734,2944,,410.54
80, 04-05-2020 20:13:13,50,128.9,11.157,28.516,2953,,412.8
80, 04-05-2020 20:13:14,34,128.6,10.72,26.953,2957,,412.8
80, 04-05-2020 20:13:15,28,127.9,10.675,27.734,2958,,414.7
80, 04-05-2020 20:13:16,54,128.1,10.317,27.344,2953,,416.48
80, 04-05-2020 20:13:17,63,126.9,10.663,28.516,2959,,419.53
80, 04-05-2020 20:13:18,65,126.8,10.658,28.125,2961,,419.53
80, 04-05-2020 20:13:19,69,126.4,10.453,27.734,2963,,422.13
80, 04-05-2020 20:13:20,67,126.6,10.388,26.953,2965,,424.32
80, 04-05-2020 20:13:21,50,125.7,10.628,28.906,2960,,426.64
80, 04-05-2020 20:13:22,43,126.1,10.8,27.734,2968,,428.66
80, 04-05-2020 20:13:23,27,124.7,10.789,26.953,2971,,428.66
80, 04-05-2020 20:13:24,10,124.8,10.821,26.953,2971,,431.04
80, 04-05-2020 20:13:25,37,124.4,10.866,28.125,2972,,433.37
80, 04-05-2020 20:13:26,67,124.1,10.645,29.297,2984,,435.62
80, 04-05-2020 20:13:27,62,123.8,10.719,28.125,2991,,435.62
80, 04-05-2020 20:13:28,58,123.2,10.964,30.078,2990,,437.82
80, 04-05-2020 20:13:29,57,123.9,10.907,28.125,2994,,440.52
80, 04-05-2020 20:13:30,50,122.2,11.37,28.516,2986,,442.97
80, 04-05-2020 20:13:31,57,122.7,11.015,28.125,2996,,445.3
80, 04-05-2020 20:13:32,58,121.9,10.922,27.734,3001,,445.3
80, 04-05-2020 20:13:33,54,121.9,10.846,27.734,3003,,448
80, 04-05-2020 20:13:34,50,121.7,10.644,27.344,2994,,450.33
80, 04-05-2020 20:13:35,52,120.8,10.962,29.688,3005,,452.09
80, 04-05-2020 20:13:36,30,121.5,10.837,28.125,3006,,455.43
80, 04-05-2020 20:13:37,29,120.4,11.017,28.516,3012,,455.43
80, 04-05-2020 20:13:38,67,120.3,11.002,26.563,3011,,458.5
80, 04-05-2020 20:13:39,42,120.6,11.011,28.125,3007,,460.02
80, 04-05-2020 20:13:40,42,119.5,11.182,28.906,3017,,462.11
80, 04-05-2020 20:13:41,70,119.4,11.852,27.344,3016,,462.11
80, 04-05-2020 20:13:42,57,119.4,10.983,28.516,3019,,464.55
80, 04-05-2020 20:13:43,62,119.3,11.486,26.953,3008,,468.53
80, 04-05-2020 20:13:44,73,115.8,11.814,49.609,3028,,471.18
80, 04-05-2020 20:13:45,52,118.3,11.286,28.125,3034,,473.68
80, 04-05-2020 20:13:46,29,117.8,11.2,28.516,3035,,473.68
80, 04-05-2020 20:13:47,47,117.9,11.623,27.734,3040,,475.31
80, 04-05-2020 20:13:48,65,117.5,11.017,27.734,3039,,477.54
80, 04-05-2020 20:13:49,31,117.3,11.334,27.344,3032,,481.13
80, 04-05-2020 20:13:50,24,116.7,11.037,29.297,3045,,483.55
80, 04-05-2020 20:13:51,55,116.3,11.242,29.297,3046,,483.55
80, 04-05-2020 20:13:52,37,115.8,11.545,27.344,3042,,486
80, 04-05-2020 20:13:53,47,115.6,11.415,27.344,3040,,487.59
80, 04-05-2020 20:13:54,48,116.1,10.944,26.563,3050,,490.74
80, 04-05-2020 20:13:55,51,114.8,11.44,27.344,3052,,490.74
80, 04-05-2020 20:13:56,83,114.8,12.184,27.344,3055,,493.21
80, 04-05-2020 20:13:57,73,114.9,11.367,27.344,3057,,496.3
80, 04-05-2020 20:13:58,66,115.1,11.67,26.563,3050,,499.07
80, 04-05-2020 20:13:59,57,114.4,11.557,30.859,3063,,501.52
80, 04-05-2020 20:14:00,41,114.7,11.56,26.953,3063,,501.52
80, 04-05-2020 20:14:01,45,113.4,11.354,28.125,3059,,503.59
80, 04-05-2020 20:14:02,59,113.6,11.853,26.953,3059,,506.36
80, 04-05-2020 20:14:03,30,113.7,11.279,28.125,3070,,508.95
80, 04-05-2020 20:14:04,31,112.5,11.818,27.734,3073,,508.95
80, 04-05-2020 20:14:05,63,112.7,11.365,26.953,3075,,511.86
80, 04-05-2020 20:14:06,38,112.3,11.44,28.125,3076,,514.68
80, 04-05-2020 20:14:07,40,112.5,12.027,27.734,3069,,516.38
80, 04-05-2020 20:14:08,68,111.6,11.942,28.125,3080,,519.04
80, 04-05-2020 20:14:09,59,111.9,11.812,26.563,3084,,519.04
80, 04-05-2020 20:14:10,53,111.1,12.072,28.906,3076,,521.76
80, 04-05-2020 20:14:11,54,111.3,11.629,27.344,3078,,524.56
80, 04-05-2020 20:14:12,30,110.8,12.076,30.469,3090,,526.76
80, 04-05-2020 20:14:13,37,110.3,12.063,31.641,3092,,526.76
80, 04-05-2020 20:14:14,71,110.4,11.743,26.953,3092,,529.41
80, 04-05-2020 20:14:15,70,109.9,11.885,27.344,3094,,532.14
80, 04-05-2020 20:14:16,65,110.3,11.845,27.734,3088,,534.43
80, 04-05-2020 20:14:17,66,109.4,12.097,27.344,3098,,537.66
80, 04-05-2020 20:14:18,68,109.6,11.9,29.257,3102,,537.66
80, 04-05-2020 20:14:19,43,108.8,12.22,27.734,3098,,540.04
80, 04-05-2020 20:14:20,41,108.8,11.764,27.344,3097,,543.23
80, 04-05-2020 20:14:21,53,108.7,11.647,26.172,3107,,545.95
80, 04-05-2020 20:14:22,57,108.5,11.865,27.344,3114,,545.95
80, 04-05-2020 20:14:23,68,108.1,11.806,27.734,3108,,548.96
80, 04-05-2020 20:14:24,42,108.2,11.711,28.516,3112,,551.58
80, 04-05-2020 20:14:25,42,107.6,11.705,28.906,3104,,554.3
80, 04-05-2020 20:14:26,57,108.1,11.488,28.906,3116,,556.64
80, 04-05-2020 20:14:27,25,107.4,11.962,29.297,3116,,556.64
80, 04-05-2020 20:14:28,10,107.1,11.667,27.344,3113,,559.6
80, 04-05-2020 20:14:29,42,106.2,12.075,26.953,3112,,562.05
80, 04-05-2020 20:14:30,63,106.8,11.903,27.344,3123,,564.45
80, 04-05-2020 20:14:31,60,105.9,11.932,28.125,3124,,564.45
80, 04-05-2020 20:14:32,63,105.9,12.162,27.344,3128,,566.46
80, 04-05-2020 20:14:33,70,105.8,12.023,28.516,3129,,569.32
80, 04-05-2020 20:14:34,74,105.3,12.53,28.125,3123,,573.21
80, 04-05-2020 20:14:35,70,105,11.942,27.344,3136,,576.23
80, 04-05-2020 20:14:36,61,104.9,12.181,28.125,3136,,576.23
80, 04-05-2020 20:14:37,48,104.7,12.686,28.516,3133,,578.75
80, 04-05-2020 20:14:38,46,104.4,12.402,28.516,3132,,581.85
80, 04-05-2020 20:14:39,55,104.8,12.024,27.344,3144,,584.88
80, 04-05-2020 20:14:40,53,103.5,12.5,28.125,3146,,587.05
80, 04-05-2020 20:14:41,60,103.6,12.22,27.344,3150,,587.05
80, 04-05-2020 20:14:42,67,103.5,12.366,28.516,3143,,590.8
80, 04-05-2020 20:14:43,59,103.3,12.656,27.734,3146,,593.15
80, 04-05-2020 20:14:44,55,103.5,12.331,28.516,3156,,595.94
80, 04-05-2020 20:14:45,59,102.9,12.881,27.734,3159,,595.94
80, 04-05-2020 20:14:46,57,102.3,12.898,27.344,3152,,591.66
80, 04-05-2020 20:14:47,35,102.8,12.882,26.953,3153,,595.48
80, 04-05-2020 20:14:48,36,102.1,12.943,28.516,3165,,603.64
80, 04-05-2020 20:14:49,56,102.1,12.507,27.734,3168,,607.18
80, 04-05-2020 20:14:50,53,101.8,13.145,29.688,3169,,607.18
80, 04-05-2020 20:14:51,28,101.7,12.363,29.297,3170,,610.3
80, 04-05-2020 20:14:52,39,101.7,12.363,26.953,3170,,613.14
80, 04-05-2020 20:14:53,61,101.9,12.197,27.344,3176,,616.11
80, 04-05-2020 20:14:54,57,101.2,12.595,28.125,3179,,616.11
80, 04-05-2020 20:14:55,62,100.9,12.533,28.516,3174,,618.95
80, 04-05-2020 20:14:56,35,101,13.368,29.297,3175,,621.4
80, 04-05-2020 20:14:57,8,100.5,12.28,26.563,3186,,624.71
80, 04-05-2020 20:14:58,32,100.2,12.631,27.344,3190,,626.52
80, 04-05-2020 20:14:59,50,99.5,12.977,27.344,3191,,626.52
80, 04-05-2020 20:15:00,50,99.2,12.43,27.734,3188,,630.07
80, 04-05-2020 20:15:01,59,99.7,12.548,28.125,3188,,632.47
80, 04-05-2020 20:15:02,72,99.6,12.598,26.953,3198,,636.19
80, 04-05-2020 20:15:03,66,98.8,12.72,27.344,3199,,636.19
80, 04-05-2020 20:15:04,31,98.7,13.313,28.125,3195,,639.69
80, 04-05-2020 20:15:05,49,98.4,12.717,28.516,3196,,642.34
80, 04-05-2020 20:15:06,71,98.8,12.552,27.734,3207,,645.31
80, 04-05-2020 20:15:07,52,98.4,12.935,27.734,3209,,647.9
80, 04-05-2020 20:15:08,39,97.8,13.23,29.297,3212,,647.9
80, 04-05-2020 20:15:09,54,97.9,13.288,28.516,3210,,651.04
80, 04-05-2020 20:15:10,72,98.1,13.018,26.563,3209,,654.12
80, 04-05-2020 20:15:11,39,97.8,13.051,27.734,3220,,657.35
80, 04-05-2020 20:15:12,47,97.3,13.019,27.734,3222,,657.35
80, 04-05-2020 20:15:13,72,97.1,13.071,27.734,3220,,660.32
80, 04-05-2020 20:15:14,32,97.5,12.515,29.297,3219,,663.1
80, 04-05-2020 20:15:15,12,96.8,13.238,28.125,3230,,666.31
80, 04-05-2020 20:15:16,49,96.8,12.701,28.147,3232,,669.41
80, 04-05-2020 20:15:17,59,96.1,12.812,28.906,3235,,669.41
80, 04-05-2020 20:15:18,55,96.1,12.52,27.344,3232,,672.62
80, 04-05-2020 20:15:19,63,96.2,12.832,26.563,3232,,675.44
80, 04-05-2020 20:15:20,65,96.2,13.191,26.563,3242,,678.41
80, 04-05-2020 20:15:21,65,95.4,12.904,28.125,3245,,678.41
80, 04-05-2020 20:15:22,61,95.4,13.367,27.734,3240,,681.77
80, 04-05-2020 20:15:23,30,95.8,12.798,27.734,3241,,684.87
80, 04-05-2020 20:15:24,10,95.7,12.841,26.953,3252,,687.96
80, 04-05-2020 20:15:25,35,94.5,13.049,28.906,3256,,691.07
80, 04-05-2020 20:15:26,39,95,12.656,27.734,3257,,691.07
80, 04-05-2020 20:15:27,43,94.4,12.928,27.344,3254,,694.15
80, 04-05-2020 20:15:28,41,94.1,13.365,27.344,3254,,696.7
80, 04-05-2020 20:15:29,53,94.3,12.953,26.953,3266,,700.28
80, 04-05-2020 20:15:30,78,93.8,13.187,28.516,3267,,700.28
80, 04-05-2020 20:15:31,69,94,13.222,28.125,3264,,703.52
80, 04-05-2020 20:15:32,58,93.3,13.37,26.563,3265,,706.23
80, 04-05-2020 20:15:33,35,93.4,13.359,26.953,3276,,710
80, 04-05-2020 20:15:34,49,92.3,14.335,28.125,3278,,712.53
80, 04-05-2020 20:15:35,40,0,0,25,2550,,
80, 04-05-2020 20:15:36,0,0,0,3.516,2550,,
80, 04-05-2020 20:15:37,28,0,0,3.125,2550,,
80, 04-05-2020 20:15:38,41,0,0,3.125,2549,,
80, 04-05-2020 20:15:39,13,0,0,0.391,2542,,
80, 04-05-2020 20:15:40,0,0,0,0.391,2542,,
80, 04-05-2020 20:15:41,0,0,0,0.781,2508,,
