0, 02-05-2020 23:23:10, Hardware monitoring log v1.5 ,,,,,,,
1, 02-05-2020 23:23:10, GeForce GTX 650,,,,,,,
2, 02-05-2020 23:23:10, GPU usage           ,Memory usage        ,CPU usage           ,RAM usage           ,Framerate           ,Frametime           ,,
3, 02-05-2020 23:23:10,0,%                   ,0,100,10,                    ,                    ,
3, 02-05-2020 23:23:10,1,MB                  ,0,8192,10,                    ,                    ,
3, 02-05-2020 23:23:10,2,%                   ,0,100,10,                    ,                    ,
3, 02-05-2020 23:23:10,3,MB                  ,0,16384,10,                    ,                    ,
3, 02-05-2020 23:23:10,4,FPS                 ,0,200,10,                    ,                    ,
3, 02-05-2020 23:23:10,5,ms                  ,0,50,10,                    ,                    ,
80, 02-05-2020 23:23:11,1,132.77,4.297,2902,N/A                 ,0,,
80, 02-05-2020 23:23:12,1,132.52,3.125,2902,N/A                 ,0,,
80, 02-05-2020 23:23:13,1,132.52,23.828,2904,N/A                 ,0,,
80, 02-05-2020 23:23:14,0,132.52,3.125,2903,N/A                 ,0,,
80, 02-05-2020 23:23:15,0,132.52,3.125,2902,N/A                 ,0,,
80, 02-05-2020 23:23:16,0,132.52,0.781,2899,N/A                 ,0,,
80, 02-05-2020 23:23:17,10,173.492,22.656,2933,0,0,,"11,36"
80, 02-05-2020 23:23:18,82,171.867,61.328,2945,3000.7,46.847,,"40,75"
80, 02-05-2020 23:23:19,83,171.867,37.891,2957,2994.2,0.867,,"40,76"
80, 02-05-2020 23:23:20,83,171.867,32.031,2958,2998.2,0.904,,"40,76"
80, 02-05-2020 23:23:21,14,171.867,20.703,2951,1088.7,465.143,,"40,26"
80, 02-05-2020 23:23:22,82,171.867,27.734,2949,3014.9,152.818,,"40,35"
80, 02-05-2020 23:23:23,81,171.867,40.234,2949,2994.4,0.844,,"36,87"
80, 02-05-2020 23:23:24,80,177.117,45.313,2946,2905.7,1.071,,"36,87"
80, 02-05-2020 23:23:25,82,183.117,42.969,2946,2893.9,1.971,,"36,88"
80, 02-05-2020 23:23:26,81,176.367,46.875,2946,2852,1.858,,"36,91"
80, 02-05-2020 23:23:27,78,176.367,42.969,2946,2813.6,1.005,,"36,94"
80, 02-05-2020 23:23:28,77,176.367,37.891,2946,2760.5,1.174,,"36,97"
80, 02-05-2020 23:23:29,74,170.617,33.421,2946,2598.4,1.115,,"36,97"
80, 02-05-2020 23:23:30,69,170.617,29.688,2946,2502.8,1.199,,37
80, 02-05-2020 23:23:31,66,170.617,32.582,2945,2336.3,1.189,,"37,04"
80, 02-05-2020 23:23:32,65,170.617,29.957,2945,2270.4,1.05,,"37,07"
80, 02-05-2020 23:23:33,62,170.617,29.41,2945,2169.2,1.362,,"37,07"
80, 02-05-2020 23:23:34,63,170.617,36.328,2945,2044.5,0,,"37,09"
80, 02-05-2020 23:23:35,58,170.617,35.547,2945,1973.6,0,,"37,09"
80, 02-05-2020 23:23:36,57,170.617,34.375,2945,1972.1,0,,"37,14"
80, 02-05-2020 23:23:37,57,170.617,32.031,2945,1916,0,,"37,18"
80, 02-05-2020 23:23:38,55,170.617,29.297,2947,1845.1,0,,"37,18"
80, 02-05-2020 23:23:39,53,170.617,29.297,2947,1779.1,0,,"37,18"
80, 02-05-2020 23:23:40,52,170.617,30.078,2947,1710.8,0,,"37,29"
80, 02-05-2020 23:23:41,54,170.617,27.734,2948,1664.7,0,,"37,29"
80, 02-05-2020 23:23:42,52,170.617,32.813,2948,1622.5,0,,"37,29"
80, 02-05-2020 23:23:43,50,170.617,32.813,2947,1552.5,0,,"37,29"
80, 02-05-2020 23:23:44,53,170.617,30.469,2947,1514.5,0,,"37,29"
80, 02-05-2020 23:23:45,51,170.617,28.906,2947,1469.5,0,,"37,33"
80, 02-05-2020 23:23:46,51,170.617,26.953,2947,1421.2,0,,"37,39"
80, 02-05-2020 23:23:47,61,170.617,25.391,2947,1528.4,0,,"37,39"
80, 02-05-2020 23:23:48,57,170.617,28.516,2947,1592.3,0,,"37,45"
80, 02-05-2020 23:23:49,57,170.617,30.078,2946,1587.6,0,,"37,46"
80, 02-05-2020 23:23:50,55,170.617,30.859,2946,1540.4,0,,"37,47"
80, 02-05-2020 23:23:51,53,170.617,33.984,2946,1507,0,,"37,47"
80, 02-05-2020 23:23:52,53,170.617,31.641,2947,1479.1,0,," 37,5"
80, 02-05-2020 23:23:53,52,170.617,31.25,2947,1436.6,0,,"37,57"
80, 02-05-2020 23:23:54,52,170.617,26.953,2948,1411.2,0,,"37,57"
80, 02-05-2020 23:23:55,49,170.617,28.516,2948,1372.7,0,,"37,57"
80, 02-05-2020 23:23:56,51,170.617,27.734,2948,1373.2,0,,"37,57"
80, 02-05-2020 23:23:57,50,170.617,26.563,2948,1327.2,0,,"37,57"
80, 02-05-2020 23:23:58,50,170.617,31.25,2948,1301.8,0,," 37,7"
80, 02-05-2020 23:23:59,47,170.617,31.641,2948,1277.1,0,," 37,7"
80, 02-05-2020 23:24:00,47,170.617,30.859,2948,1243.3,0,," 37,7"
80, 02-05-2020 23:24:01,46,170.617,30.078,2948,1238.9,0,," 37,7"
80, 02-05-2020 23:24:02,46,170.617,28.906,2949,1207.1,0,," 37,7"
80, 02-05-2020 23:24:03,47,170.617,28.516,2949,1190.2,0,,"37,74"
80, 02-05-2020 23:24:04,46,170.617,28.906,2948,1174.7,0,,"37,74"
80, 02-05-2020 23:24:05,45,170.617,29.688,2950,1120.8,0,," 37,8"
80, 02-05-2020 23:24:06,43,170.617,32.422,2951,1116.3,0,,"37,82"
80, 02-05-2020 23:24:07,44,170.617,29.297,2950,1031.1,71.591,,"37,83"
80, 02-05-2020 23:24:08,44,170.617,30.469,2949,1107.9,1.644,,"37,83"
80, 02-05-2020 23:24:09,43,170.617,27.734,2948,1079.7,1.834,,"37,83"
80, 02-05-2020 23:24:10,35,170.617,28.125,2948,1013.7,2.054,,"37,83"
80, 02-05-2020 23:24:11,34,170.617,25,2948,859.5,1.992,,"37,93"
80, 02-05-2020 23:24:12,34,170.617,25.781,2948,858.7,1.975,,"37,93"
80, 02-05-2020 23:24:13,33,170.617,29.297,2948,833,2.507,,"37,93"
80, 02-05-2020 23:24:14,34,170.617,29.297,2948,815.1,2.327,,"37,93"
80, 02-05-2020 23:24:15,33,170.617,30.859,2948,811.3,2.177,,"37,96"
80, 02-05-2020 23:24:16,34,170.617,26.493,2948,812.5,1.903,,"38,07"
80, 02-05-2020 23:24:17,32,170.617,27.734,2948,790.4,2.316,,"38,07"
80, 02-05-2020 23:24:18,31,170.617,26.634,2947,779.9,2.169,,"38,02"
80, 02-05-2020 23:24:19,31,170.617,27.344,2947,769.8,2.407,,"38,02"
80, 02-05-2020 23:24:20,31,170.617,29.688,2947,765,2.059,,"38,02"
80, 02-05-2020 23:24:21,30,170.617,29.297,2947,743.1,2.641,,"38,02"
80, 02-05-2020 23:24:22,31,170.617,30.859,2947,728.8,2.212,,"38,02"
80, 02-05-2020 23:24:23,31,170.617,27.344,2947,728.9,1.947,,"38,12"
80, 02-05-2020 23:24:24,31,170.617,27.344,2947,716.9,1.989,,"38,13"
80, 02-05-2020 23:24:25,30,170.617,28.125,2948,713.5,2.322,,"38,14"
80, 02-05-2020 23:24:26,30,170.617,30.859,2948,700.4,2.46,,"38,14"
80, 02-05-2020 23:24:27,29,170.617,29.297,2948,696,2.363,,"38,14"
80, 02-05-2020 23:24:28,28,170.617,28.125,2948,679.7,2.462,,"38,24"
80, 02-05-2020 23:24:29,28,170.617,25.781,2948,669.9,2.48,,"38,24"
80, 02-05-2020 23:24:30,28,170.617,26.563,2948,668.6,2.22,,"38,24"
80, 02-05-2020 23:24:31,29,170.617,28.906,2948,654.8,2.754,,"38,24"
80, 02-05-2020 23:24:32,29,170.617,27.734,2948,651,2.58,,"38,24"
80, 02-05-2020 23:24:33,30,170.617,30.859,2948,645.7,2.672,,"38,32"
80, 02-05-2020 23:24:34,29,170.617,29.297,2948,633.3,2.54,,"38,32"
80, 02-05-2020 23:24:35,29,170.617,28.417,2948,628.7,2.471,,"38,36"
80, 02-05-2020 23:24:36,29,170.617,27.427,2949,618.2,2.286,,"38,39"
80, 02-05-2020 23:24:37,28,170.617,26.563,2949,615.1,2.51,,"38,39"
80, 02-05-2020 23:24:38,28,170.617,27.734,2949,611.4,2.098,,"38,39"
80, 02-05-2020 23:24:39,53,170.617,26.563,2949,600.7,2.671,,"38,39"
80, 02-05-2020 23:24:40,50,170.617,30.859,2949,589.8,2.709,,"38,45"
80, 02-05-2020 23:24:41,52,170.617,29.297,2949,581.8,2.804,,"38,51"
80, 02-05-2020 23:24:42,53,170.617,31.111,2949,587,2.697,,"38,54"
80, 02-05-2020 23:24:43,53,170.617,31.393,2949,575.3,3.009,,"38,54"
80, 02-05-2020 23:24:44,50,170.617,27.734,2949,567.3,2.522,,"38,54"
80, 02-05-2020 23:24:45,50,170.617,27.344,2949,555.9,2.868,,"38,61"
80, 02-05-2020 23:24:46,51,170.617,26.172,2950,555.3,2.657,,"38,61"
80, 02-05-2020 23:24:47,50,170.617,28.516,2949,555.9,2.377,,"38,61"
80, 02-05-2020 23:24:48,49,170.617,28.125,2949,547.6,2.332,,"38,64"
80, 02-05-2020 23:24:49,60,170.617,28.906,2952,586.9,2.805,,"40,64"
80, 02-05-2020 23:24:50,32,170.617,29.572,2952,682.8,2.274,,"40,64"
80, 02-05-2020 23:24:51,33,170.617,28.617,2952,690.5,2.088,,"40,71"
80, 02-05-2020 23:24:52,33,170.617,30.469,2951,665.5,2.276,,"40,71"
80, 02-05-2020 23:24:53,34,170.617,26.172,2951,672.1,2.803,,"40,71"
80, 02-05-2020 23:24:54,33,170.617,27.344,2951,657.3,2.345,,"40,74"
80, 02-05-2020 23:24:55,32,170.617,25.781,2951,633.8,2.264,,"40,74"
80, 02-05-2020 23:24:56,31,170.617,27.344,2951,630.4,2.34,,"40,74"
80, 02-05-2020 23:24:57,30,170.617,28.516,2952,619.9,2.801,,"40,74"
80, 02-05-2020 23:24:58,31,170.617,29.297,2952,616.1,2.552,,"40,81"
80, 02-05-2020 23:24:59,31,170.617,29.688,2952,608.7,2.162,,"40,85"
80, 02-05-2020 23:25:00,30,170.617,28.906,2950,611.9,2.374,,"38,88"
80, 02-05-2020 23:25:01,29,170.617,29.297,2951,592.8,2.555,,"38,88"
80, 02-05-2020 23:25:02,30,170.617,29.688,2953,577.3,2.548,,"40,88"
80, 02-05-2020 23:25:03,30,170.617,28.906,2953,573.3,2.609,,"40,95"
80, 02-05-2020 23:25:04,30,170.617,27.353,2954,568.8,2.83,,"40,95"
80, 02-05-2020 23:25:05,28,170.617,26.95,2955,557.7,2.347,,"40,95"
80, 02-05-2020 23:25:06,28,170.617,29.297,2955,563,2.989,,"40,98"
80, 02-05-2020 23:25:07,28,170.617,29.297,2955,553,3.01,,"40,98"
80, 02-05-2020 23:25:08,28,170.617,26.953,2956,549.5,2.271,,41
80, 02-05-2020 23:25:09,28,170.617,26.953,2954,549.9,2.579,,"41,06"
80, 02-05-2020 23:25:10,28,170.617,28.906,2953,544,3.497,,"41,06"
80, 02-05-2020 23:25:11,28,170.617,30.078,2953,537.2,2.551,,"41,06"
80, 02-05-2020 23:25:12,27,170.617,28.906,2954,533.9,2.914,," 41,1"
80, 02-05-2020 23:25:13,28,170.617,29.688,2952,524.6,2.603,," 41,1"
80, 02-05-2020 23:25:14,29,170.617,28.516,2952,523.4,2.796,," 41,1"
80, 02-05-2020 23:25:15,27,170.617,31.496,2953,522.3,2.836,," 41,1"
80, 02-05-2020 23:25:16,28,170.617,30.078,2953,517.9,2.6,,"41,16"
80, 02-05-2020 23:25:17,28,170.617,28.516,2952,516.6,2.641,," 41,2"
80, 02-05-2020 23:25:18,27,170.617,27.824,2953,504.3,3.071,," 41,2"
80, 02-05-2020 23:25:19,27,170.617,28.906,2953,507.6,2.673,," 41,2"
80, 02-05-2020 23:25:20,26,170.617,27.734,2953,499.5,3.029,,"41,23"
80, 02-05-2020 23:25:21,26,170.617,29.688,2953,502,2.795,," 41,3"
80, 02-05-2020 23:25:22,26,170.617,29.688,2953,501.9,2.731,," 41,3"
80, 02-05-2020 23:25:23,27,170.617,28.417,2952,496.8,2.66,," 41,3"
80, 02-05-2020 23:25:24,26,170.617,28.617,2953,489.6,2.843,," 41,3"
80, 02-05-2020 23:25:25,48,170.617,30.469,2953,484.2,2.897,,"41,36"
80, 02-05-2020 23:25:26,50,170.617,28.516,2953,479,2.491,,"41,36"
80, 02-05-2020 23:25:27,48,170.617,27.734,2953,468.1,3.059,,"41,36"
80, 02-05-2020 23:25:28,49,170.617,30.078,2953,475,3.039,," 41,5"
80, 02-05-2020 23:25:29,53,171.117,28.906,2953,489.8,3.06,," 41,5"
80, 02-05-2020 23:25:30,49,171.117,25.781,2953,491.9,3.28,,"41,55"
80, 02-05-2020 23:25:31,51,171.117,28.516,2954,493.5,2.887,,"41,55"
80, 02-05-2020 23:25:32,50,171.117,29.688,2953,489.2,2.837,,"41,49"
80, 02-05-2020 23:25:33,49,171.117,28.033,2953,488.7,2.671,,"41,49"
80, 02-05-2020 23:25:34,49,171.117,27.824,2954,486.2,2.863,,"41,57"
80, 02-05-2020 23:25:35,50,171.117,26.172,2954,479.1,2.823,,"41,58"
80, 02-05-2020 23:25:36,50,171.117,30.469,2954,480.2,3.16,,"41,58"
80, 02-05-2020 23:25:37,49,171.117,30.859,2954,480,2.891,,"41,62"
80, 02-05-2020 23:25:38,49,171.117,27.734,2954,473.6,2.93,,"41,65"
80, 02-05-2020 23:25:39,51,171.117,27.344,2955,472.5,2.903,,"41,71"
80, 02-05-2020 23:25:40,49,171.117,27.263,2954,461.4,2.955,,"41,71"
80, 02-05-2020 23:25:41,51,171.117,29.806,2954,465,2.844,,"41,73"
80, 02-05-2020 23:25:42,52,171.117,29.688,2955,458,2.958,,"41,73"
80, 02-05-2020 23:25:43,49,171.117,29.688,2955,459.9,2.996,,"41,76"
80, 02-05-2020 23:25:44,56,183.93,30.727,2956,442.7,3.705,,"41,86"
80, 02-05-2020 23:25:45,49,175.117,31.789,2959,446.2,5.693,,"41,86"
80, 02-05-2020 23:25:46,48,171.117,28.906,2959,448.1,3.124,,"41,92"
80, 02-05-2020 23:25:47,47,171.117,30.469,2959,443.9,3.192,,"41,92"
80, 02-05-2020 23:25:48,47,171.117,27.734,2959,440.7,3.451,,"41,96"
80, 02-05-2020 23:25:49,46,171.117,29.187,2959,438.8,3.342,,"41,96"
80, 02-05-2020 23:25:50,48,171.117,28.22,2959,437.1,3.832,,"41,96"
80, 02-05-2020 23:25:51,46,171.117,28.802,2959,436.7,3.21,,"42,02"
80, 02-05-2020 23:25:52,47,171.117,27.824,2958,432.2,3.29,,"42,02"
80, 02-05-2020 23:25:53,49,171.117,25.781,2956,429.5,4.22,,"42,02"
80, 02-05-2020 23:25:54,49,171.117,29.688,2956,429.4,2.895,,"42,02"
80, 02-05-2020 23:25:55,48,171.117,30.078,2956,423.8,3.959,,"42,06"
80, 02-05-2020 23:25:56,48,171.117,28.906,2956,427.8,3.551,,"42,16"
80, 02-05-2020 23:25:57,47,171.117,26.172,2956,426,3.532,,"42,16"
80, 02-05-2020 23:25:58,46,171.117,28.125,2956,423.9,2.949,,"42,16"
80, 02-05-2020 23:25:59,47,171.117,26.172,2956,415.7,3.353,,"42,16"
80, 02-05-2020 23:26:00,46,171.117,26.563,2956,417.3,3.456,,"42,19"
80, 02-05-2020 23:26:01,44,171.117,25.391,2956,411.8,3.263,," 42,2"
80, 02-05-2020 23:26:02,45,171.117,27.344,2956,413.1,3.089,," 42,2"
80, 02-05-2020 23:26:03,45,171.117,29.735,2956,405.9,3.434,,"42,27"
80, 02-05-2020 23:26:04,44,171.117,26.566,2956,398.5,3.101,,"42,27"
80, 02-05-2020 23:26:05,43,171.117,26.563,2956,399.4,3.556,,"42,27"
80, 02-05-2020 23:26:06,44,171.117,26.953,2957,397.9,3.254,,"42,27"
80, 02-05-2020 23:26:07,45,171.117,28.906,2957,398.2,3.422,,"42,27"
80, 02-05-2020 23:26:08,46,171.117,29.297,2957,397.8,3.281,,"42,31"
80, 02-05-2020 23:26:09,47,171.117,29.297,2957,397.1,3.435,,"42,38"
80, 02-05-2020 23:26:10,45,171.117,28.516,2957,392.6,3.464,,"42,38"
80, 02-05-2020 23:26:11,46,171.117,26.953,2957,389.4,3.224,,"42,38"
80, 02-05-2020 23:26:12,45,171.117,26.953,2957,388.4,3.65,,"42,38"
80, 02-05-2020 23:26:13,43,171.117,26.563,2957,382.2,3.381,,"42,38"
80, 02-05-2020 23:26:14,43,171.117,28.516,2958,385.5,3.835,,"42,54"
80, 02-05-2020 23:26:15,45,171.117,30.469,2959,380.7,4.254,,"42,54"
80, 02-05-2020 23:26:16,42,171.117,27.734,2958,378.9,3.461,,"42,54"
80, 02-05-2020 23:26:17,43,171.117,31.25,2959,378.9,3.929,,"42,54"
80, 02-05-2020 23:26:18,42,171.117,26.953,2959,374.7,3.829,,"42,54"
80, 02-05-2020 23:26:19,43,171.117,28.802,2958,374.7,3.22,,"42,57"
80, 02-05-2020 23:26:20,41,171.117,27.344,2958,372.7,3.799,,"42,57"
80, 02-05-2020 23:26:21,42,171.117,30.996,2958,369.4,3.798,,"42,65"
80, 02-05-2020 23:26:22,41,171.117,27.734,2958,368.4,4.398,,"42,65"
80, 02-05-2020 23:26:23,43,171.117,26.172,2958,369.5,3.967,,"42,65"
80, 02-05-2020 23:26:24,44,171.117,28.033,2959,368.7,3.366,,"42,65"
80, 02-05-2020 23:26:25,45,171.117,26.237,2959,361.5,4.081,,"42,65"
80, 02-05-2020 23:26:26,44,171.117,26.563,2959,361.4,3.763,,"42,68"
80, 02-05-2020 23:26:27,44,171.117,27.344,2959,360.5,4.227,,"42,75"
80, 02-05-2020 23:26:28,44,171.117,28.125,2959,358.3,3.71,,"42,75"
80, 02-05-2020 23:26:29,42,171.117,29.688,2959,355,3.491,,"42,75"
80, 02-05-2020 23:26:30,41,171.117,27.734,2960,357,3.664,,"42,77"
80, 02-05-2020 23:26:31,41,171.117,28.125,2960,355.6,4.101,," 42,8"
80, 02-05-2020 23:26:32,43,171.117,26.953,2960,353.9,3.877,,"42,87"
80, 02-05-2020 23:26:33,42,171.117,26.563,2960,351.4,3.593,,"42,87"
80, 02-05-2020 23:26:34,40,171.117,26.172,2960,344.7,4.112,,"42,87"
80, 02-05-2020 23:26:35,40,171.117,28.516,2960,345.5,3.566,,"42,87"
80, 02-05-2020 23:26:36,41,171.117,27.734,2960,340.2,3.747,,"42,87"
80, 02-05-2020 23:26:37,41,171.117,28.516,2960,340.4,3.924,," 42,9"
80, 02-05-2020 23:26:38,40,171.117,28.802,2961,335.4,3.721,," 42,9"
80, 02-05-2020 23:26:39,41,171.117,28.516,2960,336.7,4.707,,"42,97"
80, 02-05-2020 23:26:40,39,171.117,25,2960,333.2,3.952,,"42,97"
80, 02-05-2020 23:26:41,40,171.117,29.013,2961,337.9,3.372,,"42,97"
80, 02-05-2020 23:26:42,42,171.117,29.297,2962,334.7,3.744,,"42,97"
80, 02-05-2020 23:26:43,42,171.117,28.125,2962,335.1,3.599,,"42,97"
80, 02-05-2020 23:26:44,41,171.117,26.563,2961,331,3.67,,"43,07"
80, 02-05-2020 23:26:45,41,171.117,28.125,2961,328.2,5.05,,"43,07"
80, 02-05-2020 23:26:46,46,176.367,30.859,2962,324.6,4.587,,"43,07"
80, 02-05-2020 23:26:47,41,176.367,33.203,2962,322,4.01,,"43,07"
80, 02-05-2020 23:26:48,40,176.242,26.172,2961,323.9,4.181,,"43,07"
80, 02-05-2020 23:26:49,40,173.867,25.781,2961,325.8,3.737,,"43,07"
80, 02-05-2020 23:26:50,39,173.867,28.906,2961,319.4,3.823,,"43,17"
80, 02-05-2020 23:26:51,40,173.867,26.563,2962,323,3.995,,"43,17"
80, 02-05-2020 23:26:52,37,173.867,26.563,2961,318.3,4.887,,"43,23"
80, 02-05-2020 23:26:53,37,173.867,26.563,2961,315.7,3.969,,"43,23"
80, 02-05-2020 23:26:54,38,170.867,25.781,2961,314.5,3.73,,"43,23"
80, 02-05-2020 23:26:55,38,170.867,27.734,2961,313.3,4.155,,"43,23"
80, 02-05-2020 23:26:56,39,170.867,28.906,2960,315.9,4.301,,"43,23"
80, 02-05-2020 23:26:57,38,170.867,26.563,2960,312.6,4.26,,"43,35"
80, 02-05-2020 23:26:58,39,170.867,26.563,2960,313,4.359,,"43,35"
80, 02-05-2020 23:26:59,37,170.867,27.353,2960,306.5,3.913,,"43,35"
80, 02-05-2020 23:27:00,38,170.867,27.335,2960,308.1,4.538,,"43,35"
80, 02-05-2020 23:27:01,39,170.867,26.953,2960,306.9,4.789,,"43,35"
80, 02-05-2020 23:27:02,40,170.867,25.781,2960,308.4,4.512,,"43,45"
80, 02-05-2020 23:27:03,40,170.867,26.172,2960,308,3.854,,"43,45"
80, 02-05-2020 23:27:04,40,170.867,25.724,2961,304.9,4.149,,"43,45"
80, 02-05-2020 23:27:05,38,170.867,29.013,2960,302.1,4.681,,"43,45"
80, 02-05-2020 23:27:06,39,170.867,27.344,2960,301.2,4.493,,"43,45"
80, 02-05-2020 23:27:07,39,170.867,26.493,2961,299.5,3.905,,"43,45"
80, 02-05-2020 23:27:08,39,170.867,26.634,2961,298.6,4.64,,"43,45"
80, 02-05-2020 23:27:09,38,170.867,27.344,2961,295.9,4.149,,"43,55"
80, 02-05-2020 23:27:10,38,170.867,27.353,2961,296.9,4.319,,"43,55"
80, 02-05-2020 23:27:11,39,170.867,28.771,2960,296.5,4.203,,"43,56"
80, 02-05-2020 23:27:12,38,170.867,29.41,2961,294.9,4.481,,"43,56"
80, 02-05-2020 23:27:13,37,170.867,27.734,2962,294,4.606,,"43,56"
80, 02-05-2020 23:27:14,37,170.867,28.906,2961,293.3,5.077,,"43,63"
80, 02-05-2020 23:27:15,36,170.867,28.516,2961,291.5,4.634,,"43,66"
80, 02-05-2020 23:27:16,36,170.867,28.125,2961,290.3,4.202,,"43,66"
80, 02-05-2020 23:27:17,37,170.867,28.125,2962,287.6,4.356,,"43,66"
80, 02-05-2020 23:27:18,35,170.867,27.344,2963,284.6,4.303,,"43,66"
80, 02-05-2020 23:27:19,36,170.867,26.953,2963,287.2,4.699,,"43,73"
80, 02-05-2020 23:27:20,35,170.867,25.724,2962,285.6,4.301,,"43,73"
80, 02-05-2020 23:27:21,37,170.867,26.634,2963,285,4.144,,"43,73"
80, 02-05-2020 23:27:22,38,170.867,30.078,2963,284.6,4.58,,"43,77"
80, 02-05-2020 23:27:23,38,170.867,28.125,2963,280.3,4.437,,"43,77"
80, 02-05-2020 23:27:24,38,170.867,28.906,2963,280.4,4.315,,"43,79"
80, 02-05-2020 23:27:25,38,170.867,29.688,2963,279.8,4.31,,"43,86"
80, 02-05-2020 23:27:26,37,170.867,27.344,2965,278.4,4.579,,"43,86"
80, 02-05-2020 23:27:27,37,170.867,28.906,2964,274.9,5.09,,"43,86"
80, 02-05-2020 23:27:28,38,170.867,29.688,2964,275.5,4.655,,"43,96"
80, 02-05-2020 23:27:29,37,170.867,26.563,2964,277,4.268,,"43,96"
80, 02-05-2020 23:27:30,36,170.867,26.953,2964,273.9,4.513,,"43,96"
80, 02-05-2020 23:27:31,34,170.867,26.172,2965,274.1,4.326,,"43,96"
80, 02-05-2020 23:27:32,36,170.867,27.344,2965,272.3,4.919,,"44,03"
80, 02-05-2020 23:27:33,37,170.867,27.734,2964,270.9,4.813,,"44,06"
80, 02-05-2020 23:27:34,37,170.867,25.781,2965,269.4,4.278,,"44,06"
80, 02-05-2020 23:27:35,35,170.867,26.563,2965,269.4,4.654,,"44,06"
80, 02-05-2020 23:27:36,35,170.867,26.563,2965,267.4,4.653,,"44,06"
80, 02-05-2020 23:27:37,34,170.867,27.263,2965,267.2,4.538,,"44,13"
80, 02-05-2020 23:27:38,35,170.867,29.013,2965,266.8,4.8,,"44,13"
80, 02-05-2020 23:27:39,35,170.867,28.516,2966,263.9,4.535,,"44,13"
80, 02-05-2020 23:27:40,34,170.867,24.219,2966,261.8,5.652,,"44,16"
80, 02-05-2020 23:27:41,34,170.867,13.281,2967,84.9,769.419,,"44,16"
80, 02-05-2020 23:27:42,35,170.867,31.25,2966,261.8,6.47,,"44,16"
80, 02-05-2020 23:27:43,34,170.867,29.688,2966,260.3,4.507,,"44,16"
80, 02-05-2020 23:27:44,7,170.867,23.828,2967,221.9,144.591,,"44,23"
80, 02-05-2020 23:27:45,34,170.867,26.953,2967,258.4,4.802,,"44,23"
80, 02-05-2020 23:27:46,35,170.867,29.297,2966,260.1,4.587,,"44,27"
80, 02-05-2020 23:27:47,36,170.867,28.147,2968,256.8,5.768,,"44,27"
80, 02-05-2020 23:27:48,37,170.867,28.872,2968,256.5,4.666,,"44,27"
80, 02-05-2020 23:27:49,36,170.867,30.078,2969,256.4,4.726,,"44,27"
80, 02-05-2020 23:27:50,35,170.867,27.734,2969,253.1,4.641,,"44,33"
80, 02-05-2020 23:27:51,36,170.867,27.263,2968,257,4.407,,"44,36"
80, 02-05-2020 23:27:52,36,170.867,29.41,2968,252.3,4.987,,"44,36"
80, 02-05-2020 23:27:53,35,170.867,28.516,2969,251.4,4.715,,"44,36"
80, 02-05-2020 23:27:54,35,170.867,27.344,2968,250.2,5.019,,"44,36"
80, 02-05-2020 23:27:55,33,170.867,28.906,2968,249.3,5.177,,"44,43"
80, 02-05-2020 23:27:56,33,170.867,27.344,2969,250,4.602,,"44,43"
80, 02-05-2020 23:27:57,34,170.867,28.516,2969,249.6,4.83,,"44,43"
80, 02-05-2020 23:27:58,34,170.867,27.734,2969,249.1,4.78,,"44,43"
80, 02-05-2020 23:27:59,34,170.867,28.125,2969,245.6,5.296,,"44,47"
80, 02-05-2020 23:28:00,33,170.867,28.125,2969,245,5.131,,"44,47"
80, 02-05-2020 23:28:01,33,170.867,27.734,2971,244.6,4.96,,"44,47"
80, 02-05-2020 23:28:02,34,170.867,26.878,2971,244.9,4.812,,"44,54"
80, 02-05-2020 23:28:03,32,170.867,26.563,2971,243.4,4.889,,"44,54"
80, 02-05-2020 23:28:04,33,170.867,26.634,2970,243.5,5.001,,"44,58"
80, 02-05-2020 23:28:05,34,170.867,28.125,2971,244.4,4.91,,"44,58"
80, 02-05-2020 23:28:06,32,170.867,25.391,2971,238.7,5.309,,"44,64"
80, 02-05-2020 23:28:07,33,170.867,26.953,2971,237.9,4.794,,"44,64"
80, 02-05-2020 23:28:08,34,170.867,28.125,2971,239.9,5.312,,"44,71"
80, 02-05-2020 23:28:09,33,170.867,27.648,2970,240.2,4.793,,"44,71"
80, 02-05-2020 23:28:10,33,170.867,27.734,2971,236.5,5.446,,"44,71"
80, 02-05-2020 23:28:11,34,170.867,30.203,2972,236.8,5.424,,"44,74"
80, 02-05-2020 23:28:12,34,170.867,28.516,2972,238.9,4.97,,"44,74"
80, 02-05-2020 23:28:13,34,170.867,28.802,2971,234.4,4.823,,"44,81"
80, 02-05-2020 23:28:14,35,170.867,29.688,2973,234.6,5.483,,"44,81"
80, 02-05-2020 23:28:15,34,170.867,27.824,2973,233.4,4.94,,"44,81"
80, 02-05-2020 23:28:16,34,170.867,29.688,2974,234.2,5.398,,"44,81"
80, 02-05-2020 23:28:17,34,170.867,29.297,2974,232.5,4.859,,"44,85"
80, 02-05-2020 23:28:18,34,170.867,29.297,2972,232,5.686,,"44,88"
80, 02-05-2020 23:28:19,34,170.867,27.734,2973,231,4.943,,"44,88"
80, 02-05-2020 23:28:20,33,170.867,28.906,2972,229.4,5.241,,"44,95"
80, 02-05-2020 23:28:21,32,170.867,28.125,2972,228.1,5.389,,"44,95"
80, 02-05-2020 23:28:22,32,170.867,29.297,2972,229.5,5.104,,"44,98"
80, 02-05-2020 23:28:23,32,170.867,28.417,2973,226.6,5.638,,"44,98"
80, 02-05-2020 23:28:24,32,170.867,28.617,2972,228.9,5.237,,"44,98"
80, 02-05-2020 23:28:25,33,170.867,26.493,2972,227.3,5.38,,"45,05"
80, 02-05-2020 23:28:26,32,170.867,28.22,2973,227.5,5.256,,"45,05"
80, 02-05-2020 23:28:27,32,170.867,27.734,2973,226.7,5.416,,"45,05"
80, 02-05-2020 23:28:28,32,170.867,26.953,2973,225.6,5.186,,"45,05"
80, 02-05-2020 23:28:29,32,170.867,28.125,2973,224.6,5.421,,"45,08"
80, 02-05-2020 23:28:30,32,170.867,27.734,2973,223.3,5.181,,"45,08"
80, 02-05-2020 23:28:31,32,170.867,29.297,2973,225.3,5.273,,"45,15"
80, 02-05-2020 23:28:32,31,170.867,26.953,2974,221.7,5.814,,"45,15"
80, 02-05-2020 23:28:33,31,170.867,28.125,2974,220.3,5.57,,"45,15"
80, 02-05-2020 23:28:34,32,170.867,28.516,2974,220.2,5.656,,"45,15"
80, 02-05-2020 23:28:35,32,170.867,28.125,2974,221.3,5.313,,"45,18"
80, 02-05-2020 23:28:36,32,170.867,27.734,2974,221.4,5.339,,"45,18"
80, 02-05-2020 23:28:37,29,170.867,34.375,2987,215.1,5.939,,"45,25"
80, 02-05-2020 23:28:38,32,170.867,29.688,2994,218.3,5.733,,"45,25"
80, 02-05-2020 23:28:39,33,170.867,26.563,2994,218.9,5.307,,"45,25"
80, 02-05-2020 23:28:40,33,170.867,28.516,2994,217.6,5.634,,"45,25"
80, 02-05-2020 23:28:41,33,170.867,29.688,2994,216,5.271,,"45,25"
80, 02-05-2020 23:28:42,33,170.867,28.516,2995,215,6.021,,"45,29"
80, 02-05-2020 23:28:43,33,170.867,29.688,2995,213.9,5.442,,"45,48"
80, 02-05-2020 23:28:44,32,170.867,28.906,2994,216.2,5.343,,"45,48"
80, 02-05-2020 23:28:45,31,170.867,26.878,2995,212.1,5.603,,"45,48"
80, 02-05-2020 23:28:46,33,170.867,28.125,2995,214.5,5.47,,"45,48"
80, 02-05-2020 23:28:47,32,170.867,26.237,2995,212.5,5.7,,"45,52"
80, 02-05-2020 23:28:48,32,170.867,28.906,2995,212.1,5.443,,"45,59"
80, 02-05-2020 23:28:49,32,170.867,28.516,2995,211.9,5.434,,"45,59"
80, 02-05-2020 23:28:50,31,170.867,28.125,2996,211.1,5.937,,"45,59"
80, 02-05-2020 23:28:51,31,170.867,28.516,2996,211.6,5.602,,"45,59"
80, 02-05-2020 23:28:52,31,170.867,28.125,2996,210,5.279,,"45,59"
80, 02-05-2020 23:28:53,30,170.867,27.734,2996,205.3,6.19,,"45,59"
80, 02-05-2020 23:28:54,31,170.867,26.953,2996,209.4,5.775,,"45,63"
80, 02-05-2020 23:28:55,31,170.867,28.802,2997,208.5,5.832,," 45,7"
80, 02-05-2020 23:28:56,30,170.867,27.427,2996,208,5.746,," 45,7"
80, 02-05-2020 23:28:57,30,170.867,28.802,2995,207.7,5.534,," 45,7"
80, 02-05-2020 23:28:58,30,170.867,29.806,2997,205.5,6.985,," 45,7"
80, 02-05-2020 23:28:59,31,170.867,27.734,2997,205.2,5.683,," 45,7"
80, 02-05-2020 23:29:00,30,170.867,28.516,2998,205.3,6.469,," 45,8"
80, 02-05-2020 23:29:01,30,170.867,28.033,2999,204.3,5.828,," 45,8"
80, 02-05-2020 23:29:02,30,170.867,26.953,2998,204.6,5.696,," 45,8"
80, 02-05-2020 23:29:03,30,170.867,28.617,2999,202.4,5.872,," 45,8"
80, 02-05-2020 23:29:04,30,170.867,27.734,2998,203.6,6.005,," 45,8"
80, 02-05-2020 23:29:05,30,170.867,28.125,2999,202.1,5.659,,"45,83"
80, 02-05-2020 23:29:06,30,170.867,29.297,2999,201,5.917,,"45,83"
80, 02-05-2020 23:29:07,29,170.867,28.033,3002,201.5,5.648,," 45,9"
80, 02-05-2020 23:29:08,30,170.867,28.22,3001,198.8,6.205,," 45,9"
80, 02-05-2020 23:29:09,31,170.867,29.688,3001,200.9,5.973,," 45,9"
80, 02-05-2020 23:29:10,31,170.867,26.953,3001,201,5.762,," 45,9"
80, 02-05-2020 23:29:11,32,170.867,27.344,3000,199.3,6.087,," 45,9"
80, 02-05-2020 23:29:12,31,170.867,28.802,3000,197.2,6.781,,"45,93"
80, 02-05-2020 23:29:13,31,170.867,27.824,3000,197.9,6.282,,"46,03"
80, 02-05-2020 23:29:14,31,170.867,30.469,3000,197.8,5.853,,"46,03"
80, 02-05-2020 23:29:15,31,170.867,26.108,3000,195.3,5.772,,"46,03"
80, 02-05-2020 23:29:16,31,170.867,26.563,3000,195.6,5.916,,"46,03"
80, 02-05-2020 23:29:17,31,170.867,28.125,3000,195.9,6.113,,"46,03"
80, 02-05-2020 23:29:18,31,170.867,26.563,3001,194.6,6.186,,"46,13"
80, 02-05-2020 23:29:19,30,170.867,28.617,3001,193.6,6.5,,"46,13"
80, 02-05-2020 23:29:20,30,170.867,28.516,3001,195.5,5.87,,"46,13"
80, 02-05-2020 23:29:21,29,170.867,29.688,3002,193.2,6.276,,"46,13"
80, 02-05-2020 23:29:22,29,170.867,28.125,3001,192.9,6.3,,"46,13"
80, 02-05-2020 23:29:23,30,170.867,26.563,3001,192.3,5.887,,"46,13"
80, 02-05-2020 23:29:24,30,170.867,27.344,3001,193.7,5.963,,"46,13"
80, 02-05-2020 23:29:25,29,170.867,27.344,3001,190.5,6.297,,"46,23"
80, 02-05-2020 23:29:26,29,170.867,28.906,3001,190.7,6.072,,"46,23"
80, 02-05-2020 23:29:27,29,170.867,28.125,3001,190.3,5.965,,"46,23"
80, 02-05-2020 23:29:28,29,170.867,26.953,3002,188.6,6.257,,"46,23"
80, 02-05-2020 23:29:29,29,170.867,28.906,3002,189.1,6.509,,"46,23"
80, 02-05-2020 23:29:30,28,170.867,26.953,3002,188.4,6.492,,"46,34"
80, 02-05-2020 23:29:31,29,170.867,30.469,3003,189.2,6.498,,"46,34"
80, 02-05-2020 23:29:32,29,170.867,28.516,3002,187.2,6.134,,"46,34"
80, 02-05-2020 23:29:33,29,170.867,29.297,3003,187.7,6.183,,"46,34"
80, 02-05-2020 23:29:34,29,170.867,29.688,3004,186.8,5.971,,"46,34"
80, 02-05-2020 23:29:35,29,170.867,27.344,3003,186.8,6.83,,"46,34"
80, 02-05-2020 23:29:36,29,170.867,29.688,3004,186.1,6.414,,"46,44"
80, 02-05-2020 23:29:37,29,170.867,28.125,3003,185.1,6.303,,"46,44"
80, 02-05-2020 23:29:38,29,170.867,29.297,3004,184.8,6.812,,"46,44"
80, 02-05-2020 23:29:39,29,170.867,28.516,3004,185,6.374,,"46,44"
80, 02-05-2020 23:29:40,29,170.867,28.125,3004,182.8,6.438,,"46,45"
80, 02-05-2020 23:29:41,29,170.867,30.469,3003,183.2,6.605,,"46,45"
80, 02-05-2020 23:29:42,30,170.867,27.263,3004,183.4,6.049,,"46,51"
80, 02-05-2020 23:29:43,29,170.867,28.22,3005,181.7,6.67,,"46,55"
80, 02-05-2020 23:29:44,31,170.867,28.516,3005,182,6.33,,"46,55"
80, 02-05-2020 23:29:45,30,170.867,26.878,3005,182.9,6.049,,"46,55"
80, 02-05-2020 23:29:46,30,170.867,30.6,3005,182,6.581,,"46,55"
80, 02-05-2020 23:29:47,30,170.867,26.563,3005,179,7.327,,"46,55"
80, 02-05-2020 23:29:48,29,170.867,25.781,3005,181.9,6.141,,"46,65"
80, 02-05-2020 23:29:49,30,170.867,27.734,3005,179.9,6.68,,"46,65"
80, 02-05-2020 23:29:50,30,170.867,27.734,3005,180.8,6.248,,"46,65"
80, 02-05-2020 23:29:51,30,170.867,28.516,3004,179,7.179,,"46,65"
80, 02-05-2020 23:29:52,30,170.867,27.734,3003,177.9,6.434,,"46,65"
80, 02-05-2020 23:29:53,30,170.867,30.078,3004,177.8,6.397,,"46,71"
80, 02-05-2020 23:29:54,29,170.867,28.802,3003,177.6,7.019,,"46,71"
80, 02-05-2020 23:29:55,27,170.867,27.03,3004,175.9,6.226,,"46,71"
80, 02-05-2020 23:29:56,27,170.867,30.469,3004,177.4,6.636,,"46,88"
80, 02-05-2020 23:29:57,28,170.867,26.172,3004,175.2,6.964,,"46,88"
80, 02-05-2020 23:29:58,29,170.867,29.688,3004,177.3,6.379,,"46,88"
80, 02-05-2020 23:29:59,29,170.867,29.187,3004,176.7,6.526,,"46,86"
80, 02-05-2020 23:30:00,28,170.867,29.806,3003,175.5,6.497,,"46,93"
80, 02-05-2020 23:30:01,28,170.867,28.033,3003,175.8,7.276,,"46,96"
80, 02-05-2020 23:30:02,28,170.867,26.634,3003,175.2,6.65,,"46,96"
80, 02-05-2020 23:30:03,28,170.867,28.125,3002,174.2,7.079,,"46,96"
80, 02-05-2020 23:30:04,28,170.867,27.263,3003,173.3,6.508,,"46,96"
80, 02-05-2020 23:30:05,27,170.867,27.427,3003,173.7,6.455,,"47,03"
80, 02-05-2020 23:30:06,28,170.867,26.953,3003,173.2,6.527,,"47,03"
80, 02-05-2020 23:30:07,29,170.867,28.417,3002,171.6,6.824,,"47,03"
80, 02-05-2020 23:30:08,28,170.867,27.03,3003,171.8,8.054,,"47,07"
80, 02-05-2020 23:30:09,28,170.867,28.906,3003,171.9,6.796,," 47,1"
80, 02-05-2020 23:30:10,28,170.867,26.563,3003,171.4,6.769,,"47,11"
80, 02-05-2020 23:30:11,28,170.867,29.688,3003,171.9,6.436,,"47,11"
80, 02-05-2020 23:30:12,28,170.867,26.953,3003,170.2,7.407,,"47,18"
80, 02-05-2020 23:30:13,28,170.867,27.734,3003,169.4,6.788,,"47,18"
80, 02-05-2020 23:30:14,28,170.867,28.516,3004,170.4,7.139,,"47,21"
80, 02-05-2020 23:30:15,59,170.867,27.734,3004,168.4,7.404,,"47,27"
80, 02-05-2020 23:30:16,28,170.867,27.734,3003,169.5,6.51,,"47,27"
80, 02-05-2020 23:30:17,28,170.867,29.297,3004,167.6,7.47,,"47,27"
80, 02-05-2020 23:30:18,28,170.867,28.802,3004,166.8,6.911,,"47,34"
80, 02-05-2020 23:30:19,28,170.867,26.634,3005,167.2,6.526,,"47,38"
80, 02-05-2020 23:30:20,28,170.867,26.953,3005,164.6,6.887,,"47,38"
80, 02-05-2020 23:30:21,29,170.867,26.878,3005,166.8,7.143,,"47,38"
80, 02-05-2020 23:30:22,28,170.867,28.22,3005,163.8,6.857,,"47,38"
80, 02-05-2020 23:30:23,28,170.867,26.953,3005,165.7,6.707,,"47,44"
80, 02-05-2020 23:30:24,28,170.867,27.344,3006,164.2,6.799,,"47,44"
80, 02-05-2020 23:30:25,28,170.867,27.734,3005,165.7,6.857,,"47,44"
80, 02-05-2020 23:30:26,28,170.867,28.125,3006,164,7.129,,"47,48"
80, 02-05-2020 23:30:27,28,170.867,29.297,3006,163.5,7.208,,"47,48"
80, 02-05-2020 23:30:28,28,170.867,29.688,3006,164.8,7.114,,"47,48"
80, 02-05-2020 23:30:29,28,170.867,29.297,3005,165,6.709,,"47,48"
80, 02-05-2020 23:30:30,27,170.867,28.906,3006,162.9,8.135,,"47,54"
80, 02-05-2020 23:30:31,28,170.867,26.563,3006,163.7,6.897,,"47,55"
80, 02-05-2020 23:30:32,26,170.867,27.734,3006,162.4,6.964,,"47,59"
80, 02-05-2020 23:30:33,26,170.867,26.493,3007,162.1,7.126,,"47,59"
80, 02-05-2020 23:30:34,26,170.867,29.41,3007,161.3,6.889,,"47,59"
80, 02-05-2020 23:30:35,27,170.867,28.516,3008,163,7.359,,"47,59"
80, 02-05-2020 23:30:36,27,170.867,27.263,3008,160.7,6.798,,"47,66"
80, 02-05-2020 23:30:37,27,170.867,26.634,3010,160.1,7.871,,"47,66"
80, 02-05-2020 23:30:38,27,170.867,27.344,3008,159.2,7.146,,"47,66"
80, 02-05-2020 23:30:39,27,170.867,29.297,3008,160.2,7.266,," 47,7"
80, 02-05-2020 23:30:40,27,170.867,29.297,3009,160.4,7.342,," 47,7"
80, 02-05-2020 23:30:41,27,170.867,27.344,3009,160.6,6.872,,"47,76"
80, 02-05-2020 23:30:42,27,170.867,29.957,3009,158.8,7.5,,"47,76"
80, 02-05-2020 23:30:43,27,170.867,28.125,3008,159,7.036,,"47,76"
80, 02-05-2020 23:30:44,26,170.867,27.824,3009,157.4,7.943,," 47,8"
80, 02-05-2020 23:30:45,27,170.867,26.563,3009,158.7,7.141,," 47,8"
80, 02-05-2020 23:30:46,27,170.867,29.688,3009,157,7.379,," 47,8"
80, 02-05-2020 23:30:47,27,170.867,28.516,3009,157.4,7.257,," 47,8"
80, 02-05-2020 23:30:48,27,170.867,28.906,3010,157.1,7.539,,"47,86"
80, 02-05-2020 23:30:49,27,170.867,26.563,3010,157.6,7.212,,"47,86"
80, 02-05-2020 23:30:50,27,170.867,26.953,3010,156.1,7.325,," 47,9"
80, 02-05-2020 23:30:51,26,170.867,28.802,3010,155.3,7.923,," 47,9"
80, 02-05-2020 23:30:52,26,170.867,28.906,3012,154.3,7.857,," 47,9"
80, 02-05-2020 23:30:53,26,170.867,27.824,3011,153.8,7.892,,"47,96"
80, 02-05-2020 23:30:54,26,170.867,26.172,3012,155.1,7.494,,"47,97"
80, 02-05-2020 23:30:55,27,170.867,25.781,3010,155.5,7.394,,"47,97"
80, 02-05-2020 23:30:56,27,170.867,28.147,3011,154.8,7.212,,"47,97"
80, 02-05-2020 23:30:57,27,170.867,29.149,3010,153.3,7.546,,"48,01"
80, 02-05-2020 23:30:58,28,170.867,28.22,3011,153.7,7.622,,"48,01"
80, 02-05-2020 23:30:59,27,170.867,28.906,3011,152.6,7.17,,"48,01"
80, 02-05-2020 23:31:00,27,170.867,27.734,3011,152.3,7.719,,"48,07"
80, 02-05-2020 23:31:01,27,170.867,26.953,3011,152.7,7.626,,"48,07"
80, 02-05-2020 23:31:02,57,170.867,29.688,3011,151.4,7.598,,"48,11"
80, 02-05-2020 23:31:03,58,170.867,26.563,3012,150.3,7.459,,"48,17"
80, 02-05-2020 23:31:04,57,170.867,29.688,3012,151.3,7.626,,"48,17"
80, 02-05-2020 23:31:05,59,170.867,29.688,3012,152.3,7.328,,"48,24"
80, 02-05-2020 23:31:06,58,170.867,40.625,3012,150.6,8.192,,"48,27"
80, 02-05-2020 23:31:07,59,170.867,53.125,3012,150,7.454,,"48,27"
80, 02-05-2020 23:31:08,27,170.867,38.281,3018,150.5,7.502,,"48,27"
80, 02-05-2020 23:31:09,27,170.867,29.688,3013,150,7.801,,"48,27"
80, 02-05-2020 23:31:10,26,170.867,26.953,3013,149.2,7.557,," 48,5"
80, 02-05-2020 23:31:11,26,170.867,26.953,3013,149.6,7.703,," 48,5"
80, 02-05-2020 23:31:12,26,170.867,30.342,3012,149.2,7.357,," 48,5"
80, 02-05-2020 23:31:13,25,170.867,27.824,3012,149.7,7.666,," 48,5"
80, 02-05-2020 23:31:14,26,170.867,26.953,3012,149.3,7.679,," 48,5"
80, 02-05-2020 23:31:15,26,170.867,27.344,3012,147.8,7.747,,"48,53"
80, 02-05-2020 23:31:16,26,170.867,28.516,3012,149.1,7.391,," 48,6"
80, 02-05-2020 23:31:17,25,170.867,28.906,3012,146.5,7.799,," 48,6"
80, 02-05-2020 23:31:18,26,170.867,29.688,3012,147.3,7.568,," 48,6"
80, 02-05-2020 23:31:19,25,170.867,28.516,3012,147.4,7.646,," 48,6"
80, 02-05-2020 23:31:20,26,170.867,30.078,3012,147.5,7.763,," 48,6"
80, 02-05-2020 23:31:21,26,170.867,29.297,3013,147.3,7.42,," 48,6"
80, 02-05-2020 23:31:22,25,170.867,28.125,3013,145.9,7.614,,"48,63"
80, 02-05-2020 23:31:23,26,170.867,26.878,3013,146.5,7.721,," 48,7"
80, 02-05-2020 23:31:24,25,170.867,27.427,3013,145.7,7.68,," 48,7"
80, 02-05-2020 23:31:25,25,170.867,29.297,3015,144.5,7.861,," 48,7"
80, 02-05-2020 23:31:26,25,170.867,28.125,3014,145.6,7.997,," 48,7"
80, 02-05-2020 23:31:27,26,170.867,26.172,3014,145.1,8,," 48,7"
80, 02-05-2020 23:31:28,26,170.867,28.125,3014,144.9,7.676,," 48,8"
80, 02-05-2020 23:31:29,25,170.867,27.344,3015,144.4,7.651,," 48,8"
80, 02-05-2020 23:31:30,25,170.867,26.953,3014,142.3,7.764,," 48,8"
80, 02-05-2020 23:31:31,25,170.867,27.648,3014,143.4,8.124,," 48,8"
80, 02-05-2020 23:31:32,25,170.867,27.03,3015,142.5,7.892,," 48,8"
80, 02-05-2020 23:31:33,25,170.867,26.172,3015,142.9,7.902,,"48,84"
80, 02-05-2020 23:31:34,25,170.867,27.263,3015,142.7,8.041,,"48,84"
80, 02-05-2020 23:31:35,25,170.867,28.516,3015,142.7,7.685,," 48,9"
80, 02-05-2020 23:31:36,25,170.867,26.953,3015,142.2,8.164,,"45,31"
80, 02-05-2020 23:31:37,0,130.207,7.598,2965,N/A                 ,0,,
80, 02-05-2020 23:31:38,0,130.207,2.734,2964,N/A                 ,0,,
80, 02-05-2020 23:31:39,4,130.207,2.344,2964,N/A                 ,0,,
80, 02-05-2020 23:31:40,4,128.52,5.469,2964,N/A                 ,0,,
80, 02-05-2020 23:31:41,1,128.52,3.125,2964,N/A                 ,0,,
80, 02-05-2020 23:31:42,5,130.395,7.635,2971,N/A                 ,0,,
80, 02-05-2020 23:31:43,1,132.582,1.563,2971,N/A                 ,0,,
