0, 18-04-2020 17:08:48,V lang,,,,,C lang,,,,,GO lang,,,,,Rust,,,,,,,,,,,,,,,,,,,,,,,,,,,,
1, 18-04-2020 17:08:48,Intel(R) HD Graphics 530,,,,,,,,,,,,,,,,,,,,,,,,,,,,,,,,,,,,,,,,,,,
2, 18-04-2020 17:08:48,GPU1 usage          ,CPU usage           ,Framerate           ,RAM usage,,GPU1 usage          ,CPU usage           ,Framerate           ,RAM usage,,GPU1 usage          ,CPU usage           ,Framerate           ,RAM usage,,GPU1 usage          ,CPU usage           ,Framerate           ,RAM usage,,,,,,,,,,,,,,,,,,,,,,,,,
3, 18-04-2020 17:08:48,°C                  ,                    ,,,,,,,,,,,,,,,,,,,,,,,,,,,,,,,,,,,,,,,,,,
3, 18-04-2020 17:08:48,%                   ,                    ,,,,,,,,,,,,,,,,,,,,,,,,,,,,,,,,,,,,,,,,,,
3, 18-04-2020 17:08:48,MB                  ,                    ,,,,,,,,,,,,,,,,,,,,,,,,,,,,,,,,,,,,,,,,,,
3, 18-04-2020 17:08:48,MHz                 ,                    ,,,,,,,,,,,,,,,,,,,,,,,,,,,,,,,,,,,,,,,,,,
3, 18-04-2020 17:08:48,MHz                 ,                    ,,,,,,,,,,,,,,,,,,,,,,,,,,,,,,,,,,,,,,,,,,
3, 18-04-2020 17:08:48,°C                  ,                    ,,,,,,,,,,,,,,,,,,,,,,,,,,,,,,,,,,,,,,,,,,
3, 18-04-2020 17:08:48,%                   ,                    ,,,,,,,,,,,,,,,,,,,,,,,,,,,,,,,,,,,,,,,,,,
3, 18-04-2020 17:08:48,MHz                 ,                    ,,,,,,,,,,,,,,,,,,,,,,,,,,,,,,,,,,,,,,,,,,
3, 18-04-2020 17:08:48,MB                  ,                    ,,,,,,,,,,,,,,,,,,,,,,,,,,,,,,,,,,,,,,,,,,
3, 18-04-2020 17:08:48,FPS                 ,                    ,,,,,,,,,,,,,,,,,,,,,,,,,,,,,,,,,,,,,,,,,,
3, 18-04-2020 17:08:48,ms                  ,                    ,,,,,,,,,,,,,,,,,,,,,,,,,,,,,,,,,,,,,,,,,,
80, 18-04-2020 17:08:48,0,2.25,N/A                 ,,,,,,,,,,,,,,,,,,,,,,,,,,,,,,,,,,,,,,,,,
80, 18-04-2020 17:08:49,0,10.806,N/A                 ,,,,,,,,,,,,,,,,,,,,,,,,,,,,,,,,,,,,,,,,,
80, 18-04-2020 17:08:50,0,3.797,N/A                 ,4,,,,,,,,,,,,,,,,,,,,,,,,,,,,,,,,,,,,,,,,
80, 18-04-2020 17:08:51,0,13.067,0,43.38,,31,25.595,359.9,43.69,,0,16.382,391.2,10.97,,40,18.75,334.8,39.16,,12,1,,,,,,,,,,,,,,,,,,,,,,
80, 18-04-2020 17:08:52,31,29.641,410.9,43.38,,0,24.066,483.7,43.69,,26,33.008,391.2,45.38,,31,22.266,296.9,35.3,,24,2,,,,,,,,,,,,,,,,,,,,,,
80, 18-04-2020 17:08:53,29,27.954,548.9,43.47,,0,7.617,483.7,43.69,,27,21.289,515.7,45.38,,39,19.531,325.4,35.29,,36,3,,,,,,,,,,,,,,,,,,,,,,
80, 18-04-2020 17:08:54,38,30.078,516.5,43.47,,43,7.617,76.9,44.2,,36,21.094,501.5,45.58,,40,19.922,353.4,35.29,,48,4,,,,,,,,,,,,,,,,,,,,,,
80, 18-04-2020 17:08:55,38,29.492,483.1,43.5,,42,18.75,452.7,44.2,,36,20.703,463.4,45.8,,38,20.703,329,35.29,,60,5,,,,,,,,,,,,,,,,,,,,,,
80, 18-04-2020 17:08:56,0,17.188,477.4,43.55,,43,15.647,462.5,44.25,,37,21.289,464,46.12,,33,26.758,296.3,35.29,,72,6,,,,,,,,,,,,,,,,,,,,,,
80, 18-04-2020 17:08:57,0,5.664,0.6,43.36,,44,16.016,454.6,43.64,,37,23.828,460.2,46.12,,40,22.852,308.8,35.29,,84,7,,,,,,,,,,,,,,,,,,,,,,
80, 18-04-2020 17:08:58,32,30.273,187.3,43.36,,41,18.876,441.5,44.15,,0,17.53,450.2,43.79,,37,20.703,322,35.29,,96,8,,,,,,,,,,,,,,,,,,,,,,
80, 18-04-2020 17:08:59,31,30.469,524.9,43.36,,43,16.039,444.1,44.15,,0,7.813,450.2,43.84,,31,22.461,303.5,35.29,,108,9,,,,,,,,,,,,,,,,,,,,,,
80, 18-04-2020 17:09:00,31,29.883,519.7,43.36,,44,16.602,482.1,44.2,,28,20.406,141.9,43.84,,36,22.656,296.9,35.29,,120,10,,,,,,,,,,,,,,,,,,,,,,
80, 18-04-2020 17:09:01,31,29.492,505.2,43.36,,47,12.5,483.8,41.71,,28,22.656,515.9,44.46,,34,27.539,261.6,35.29,,132,11,,,,,,,,,,,,,,,,,,,,,,
80, 18-04-2020 17:09:02,28,29.297,472.8,43.36,,36,21.76,439.8,41.71,,30,19.727,522.1,44.59,,34,24.219,258.9,35.29,,144,12,,,,,,,,,,,,,,,,,,,,,,
80, 18-04-2020 17:09:03,30,30.469,488.9,43.36,,35,22.266,273.8,41.77,,29,25.586,509.2,44.61,,29,30.534,262.7,35.29,,156,13,,,,,,,,,,,,,,,,,,,,,,
80, 18-04-2020 17:09:04,27,35.938,438.5,43.36,,34,24.219,486.8,41.79,,29,23.242,517.4,44.61,,30,30.401,248.6,35.29,,168,14,,,,,,,,,,,,,,,,,,,,,,
80, 18-04-2020 17:09:05,26,35.938,418.9,44.49,,33,22.852,519.1,41.81,,29,26.172,504.6,44.64,,30,25.977,244.8,35.29,,180,15,,,,,,,,,,,,,,,,,Ke1,Ke2,Ke3,Ke4,Ke5,
80, 18-04-2020 17:09:06,31,25.028,491.6,44.49,,32,26.172,420.6,41.81,,29,24.451,511,44.89,,28,24.219,241.6,35.29,,192,16,,,,,,,,,,,,,,,,Svars,0.07,0.23,0.23,0.23,0.23,
80, 18-04-2020 17:09:07,33,23.242,515.1,44.63,,37,21.484,493.1,41.86,,32,22.59,520.5,45.07,,32,26.367,236.8,35.29,,204,17,,,,,,,,,,,,,,,,C,0.99,1,0,1,0.95,0.2422
80, 18-04-2020 17:09:08,31,26.563,460.9,44.77,,0,13.672,484.8,41.86,,32,23.438,499.4,45.07,,27,24.805,216.2,35.29,,216,18,,,,,,,,,,,,,,,,V,1,0.93,0.04,0.99,0,0.4692
80, 18-04-2020 17:09:09,26,31.055,415.9,44.77,,0,5.664,24.8,41.86,,32,23.828,494.1,45.08,,31,23.828,236.7,35.29,,228,19,,,,,,,,,,,,,,,,GO,0.89,0.83,0.96,0.24,0.94,0.2446
80, 18-04-2020 17:09:10,32,21.094,504.2,44.9,,36,19.727,498.9,41.91,,31,23.242,507.2,45.09,,29,20.117,225.9,35.29,,240,20,,,,,,,,,,,,,,,,Rust,0,0,1,0,1,0.53
80, 18-04-2020 17:09:11,29,26.172,446.9,42.53,,36,20.313,514.6,41.95,,31,24.023,471.5,45.09,,26,23.047,230.3,35.29,,252,21,,,,,,,,,,,,,,,,,? min,? max,? min,? min,? min,
80, 18-04-2020 17:09:12,33,21.289,524,42.53,,37,20.117,515,41.95,,33,24.414,491.8,45.15,,29,23.242,218.4,35.29,,264,22,,,,,,,,,,,,,,,,,,,,,,
80, 18-04-2020 17:09:13,33,20.313,526,42.66,,36,20.313,506.2,41.95,,32,21.484,490.3,45.17,,26,20.313,221,35.29,,276,23,,,,,,,,,,,,,,,,,,,,,,
80, 18-04-2020 17:09:14,33,19.141,543.1,42.79,,34,21.289,478.8,42.07,,32,24.219,493.6,45.18,,21,22.852,202.3,35.29,,288,24,,,,,,,,,,,,,,,,,,,,,,
80, 18-04-2020 17:09:15,27,24.761,456.3,43.7,,37,19.612,535.5,42.07,,31,24.023,480.9,45.18,,23,25.391,195.5,35.26,,300,25,,,,,,,,,,,,,,,,,,,,,,
80, 18-04-2020 17:09:16,26,29.41,406.4,43.7,,39,20.703,536.9,42.07,,32,26.758,471.6,45.25,,25,23.384,191.7,35.26,,312,26,,,,,,,,,,,,,,,,,,,,,,
80, 18-04-2020 17:09:17,29,23.828,479.8,43.7,,37,19.336,534.3,42.07,,32,27.539,473.5,45.26,,20,22.852,188.1,35.26,,324,27,,,,,,,,,,,,,,,,,,,,,,
80, 18-04-2020 17:09:18,26,23.438,391.4,43.7,,37,19.531,492.1,42.07,,33,22.852,480.8,45.26,,22,23.047,187.2,35.26,,336,28,,,,,,,,,,,,,,,,,,,,,,
80, 18-04-2020 17:09:19,27,25,429.4,43.7,,38,19.727,525.4,42.18,,31,22.461,461.6,45.26,,20,21.289,181.8,35.26,,348,29,,,,,,,,,,,,,,,,,,,,,,
80, 18-04-2020 17:09:20,25,23.633,465.4,43.7,,39,21.289,510,42.18,,31,23.047,460.5,45.26,,26,17.773,187.9,35.26,,360,30,,,,,,,,,,,,,,,,,,,,,,
80, 18-04-2020 17:09:21,33,28.711,442.3,43.7,,37,20.898,460.8,42.2,,32,21.289,471.5,45.52,,25,17.578,195,35.32,,372,31,,,,,,,,,,,,,,,,,,,,,,
80, 18-04-2020 17:09:22,34,23.633,501.8,43.96,,39,18.75,536.7,42.22,,33,27.148,462.2,45.52,,22,17.578,189.7,35.32,,384,32,,,,,,,,,,,,,,,,,,,,,,
80, 18-04-2020 17:09:23,25,22.266,421.5,44.23,,41,20.508,524.1,42.22,,32,22.852,463.7,45.29,,24,17.969,184.8,35.32,,396,33,,,,,,,,,,,,,,,,,,,,,,
80, 18-04-2020 17:09:24,32,25,415.8,44.23,,37,20.117,508.2,42.22,,32,22.461,466.5,45.38,,23,16.992,181,35.32,,408,34,,,,,,,,,,,,,,,,,,,,,,
80, 18-04-2020 17:09:25,0,14.844,444.2,44.39,,36,20.508,541.6,42.25,,32,21.484,467.8,45.38,,21,16.406,178.9,35.32,,420,35,,,,,,,,,,,,,,,,,,,,,,
80, 18-04-2020 17:09:26,26,25.195,224.3,44.65,,40,19.922,529.2,42.32,,31,23.047,456.2,45.36,,23,15.234,177.7,35.32,,432,36,,,,,,,,,,,,,,,,,,,,,,
80, 18-04-2020 17:09:27,30,22.266,457.7,44.65,,39,21.484,518.5,42.32,,30,21.484,471.9,45.29,,20,17.578,173.1,35.32,,444,37,,,,,,,,,,,,,,,,,,,,,,
80, 18-04-2020 17:09:28,31,26.162,445.6,44.91,,39,18.359,525.9,42.32,,33,22.266,463.1,45.29,,20,17.188,169.8,35.32,,456,38,,,,,,,,,,,,,,,,,,,,,,
80, 18-04-2020 17:09:29,21,41.992,362.3,45.17,,40,18.164,534.7,42.32,,31,23.047,453.9,45.29,,22,15.43,171.8,35.32,,468,39,,,,,,,,,,,,,,,,,,,,,,
80, 18-04-2020 17:09:30,19,95.508,236.2,45.55,,40,21.094,510.4,42.32,,32,21.68,454.2,45.37,,22,16.016,167.9,35.32,,480,40,,,,,,,,,,,,,,,,,,,,,,
80, 18-04-2020 17:09:31,30,40.234,368.6,45.55,,40,18.555,506.1,42.37,,31,21.289,451.7,45.73,,20,20.313,156.7,35.32,,492,41,,,,,,,,,,,,,,,,,,,,,,
80, 18-04-2020 17:09:32,23,39.648,360.2,45.81,,39,17.969,532.6,42.45,,31,19.141,461.5,45.3,,18,15.625,156.1,35.32,,504,42,,,,,,,,,,,,,,,,,,,,,,
80, 18-04-2020 17:09:33,29,40.234,345.1,46.07,,39,18.75,503.7,42.45,,32,22.266,438.2,45.3,,21,17.578,153.4,35.32,,516,43,,,,,,,,,,,,,,,,,,,,,,
80, 18-04-2020 17:09:34,30,24.414,431.9,46.07,,38,18.945,505,42.45,,32,19.531,441.9,45.3,,17,21.68,133.6,35.32,,528,44,,,,,,,,,,,,,,,,,,,,,,
80, 18-04-2020 17:09:35,30,18.945,476,46.33,,37,18.555,506.2,42.45,,31,21.68,443.1,45.48,,19,19.336,137.8,35.32,,540,45,,,,,,,,,,,,,,,,,,,,,,
80, 18-04-2020 17:09:36,27,28.711,394.5,46.71,,38,18.945,500,42.45,,31,21.289,443.7,45.48,,19,22.144,136,35.32,,552,46,,,,,,,,,,,,,,,,,,,,,,
80, 18-04-2020 17:09:37,32,19.336,464.9,46.98,,38,18.555,502.7,42.45,,28,28.125,413.5,45.29,,20,18.359,141.8,35.32,,564,47,,,,,,,,,,,,,,,,,,,,,,
80, 18-04-2020 17:09:38,29,18.164,473.8,46.98,,38,19.531,490.4,42.55,,31,26.953,409.7,45.32,,18,16.211,141.4,35.32,,576,48,,,,,,,,,,,,,,,,,,,,,,
80, 18-04-2020 17:09:39,41,18.945,464.9,47.37,,38,18.164,476.9,42.55,,28,19.336,433.8,45.59,,19,17.578,134.7,35.32,,588,49,,,,,,,,,,,,,,,,,,,,,,
80, 18-04-2020 17:09:40,40,20.508,455.5,47.75,,38,18.359,490.4,42.56,,31,20.313,441.4,45.59,,19,21.875,120.3,35.32,,600,50,,,,,,,,,,,,,,,,,,,,,,
80, 18-04-2020 17:09:41,37,20.898,442,47.75,,38,19.531,491.6,42.56,,31,21.094,425.8,45.31,,20,17.773,129.7,35.32,,612,51,,,,,,,,,,,,,,,,,,,,,,
80, 18-04-2020 17:09:42,42,20.508,460.2,48.02,,37,19.141,496.8,42.56,,30,18.359,436,45.32,,20,16.992,126.8,35.32,,624,52,,,,,,,,,,,,,,,,,,,,,,
80, 18-04-2020 17:09:43,40,23.242,449.4,48.41,,37,19.141,490.6,42.56,,40,18.359,430.5,45.33,,19,20.703,133.7,35.32,,636,53,,,,,,,,,,,,,,,,,,,,,,
80, 18-04-2020 17:09:44,40,19.336,428,48.8,,38,18.359,477.2,42.56,,41,21.68,408,45.33,,20,17.773,136,35.23,,648,54,,,,,,,,,,,,,,,,,,,,,,
80, 18-04-2020 17:09:45,41,18.75,466.6,48.8,,36,21.289,469.6,42.66,,38,20.508,411.9,45.46,,19,19.727,127.8,35.23,,660,55,,,,,,,,,,,,,,,,,,,,,,
80, 18-04-2020 17:09:46,42,19.727,441.6,49.19,,35,18.164,465.1,42.66,,36,20.117,413.7,45.34,,18,22.266,123.8,35.23,,672,56,,,,,,,,,,,,,,,,,,,,,,
80, 18-04-2020 17:09:47,40,20.898,442.8,49.58,,46,19.336,458.7,42.66,,38,19.922,406.7,45.38,,18,20.313,124.9,35.23,,684,57,,,,,,,,,,,,,,,,,,,,,,
80, 18-04-2020 17:09:48,38,19.141,450.2,49.58,,47,18.75,425.9,42.66,,39,19.922,404.9,45.38,,19,16.406,129.6,35.23,,696,58,,,,,,,,,,,,,,,,,,,,,,
80, 18-04-2020 17:09:49,42,18.359,440.3,49.96,,48,20.117,428.5,42.7,,39,20.898,401.4,45.32,,19,16.406,129.4,35.23,,708,59,,,,,,,,,,,,,,,,,,,,,,
80, 18-04-2020 17:09:50,41,20.313,428.8,50.3,,46,19.645,419.6,42.75,,38,18.945,409.9,45.85,,18,16.406,128.6,35.23,,720,60,,,,,,,,,,,,,,,,,,,,,,
80, 18-04-2020 17:09:51,40,20.703,443.9,50.3,,47,22.656,399.7,42.75,,38,23.633,386.6,45.85,,17,17.383,127.2,35.3,,732,61,,,,,,,,,,,,,,,,,,,,,,
80, 18-04-2020 17:09:52,42,17.969,441.4,50.82,,46,19.727,405.6,42.75,,38,22.656,387.2,45.28,,18,14.258,124.9,35.3,,744,62,,,,,,,,,,,,,,,,,,,,,,
80, 18-04-2020 17:09:53,40,19.727,425.5,51.21,,40,20.117,408.4,42.75,,37,19.727,390.5,45.31,,19,16.016,123.7,35.3,,756,63,,,,,,,,,,,,,,,,,,,,,,
80, 18-04-2020 17:09:54,39,19.727,424.2,51.6,,46,18.945,406.5,42.75,,38,20.703,394.6,45.28,,19,14.844,122.3,35.3,,768,64,,,,,,,,,,,,,,,,,,,,,,
80, 18-04-2020 17:09:55,35,19.141,424.9,51.6,,46,21.68,402.9,42.75,,36,20.508,388.2,45.28,,19,16.602,120.9,35.3,,780,65,,,,,,,,,,,,,,,,,,,,,,
80, 18-04-2020 17:09:56,35,18.164,419.9,52.11,,45,21.484,395.8,42.85,,37,20.703,374,45.28,,18,16.016,119.9,35.3,,792,66,,,,,,,,,,,,,,,,,,,,,,
80, 18-04-2020 17:09:57,38,19.922,411.9,52.51,,45,19.141,390,42.85,,38,20.117,371.7,45.45,,18,16.211,115.8,35.3,,804,67,,,,,,,,,,,,,,,,,,,,,,
80, 18-04-2020 17:09:58,35,20.508,407.1,52.51,,46,21.289,396.2,42.85,,35,19.922,374.8,45.44,,35,18.75,113.4,35.3,,816,68,,,,,,,,,,,,,,,,,,,,,,
80, 18-04-2020 17:09:59,36,19.531,415.2,53.02,,46,21.484,396.9,42.86,,38,20.313,372.7,45.44,,35,20.703,110.1,35.3,,828,69,,,,,,,,,,,,,,,,,,,,,,
80, 18-04-2020 17:10:00,34,21.183,392.4,53.54,,46,18.945,400.7,42.86,,37,21.484,368,45.3,,37,20.313,109,35.3,,840,70,,,,,,,,,,,,,,,,,,,,,,
80, 18-04-2020 17:10:01,35,18.359,394.2,53.93,,46,19.727,400.1,42.93,,38,20.508,370.5,45.3,,40,17.969,107,35.3,,852,71,,,,,,,,,,,,,,,,,,,,,,
80, 18-04-2020 17:10:02,34,21.484,391.9,53.93,,45,27.539,368.6,42.93,,37,19.727,361.2,45.28,,38,18.945,107.1,35.3,,864,72,,,,,,,,,,,,,,,,,,,,,,
80, 18-04-2020 17:10:03,37,18.555,413.4,54.44,,43,19.141,370.7,42.96,,36,20.898,358.9,45.28,,47,15.625,109.9,35.3,,876,73,,,,,,,,,,,,,,,,,,,,,,
80, 18-04-2020 17:10:04,35,20.313,394.9,54.96,,42,19.531,389.8,42.97,,35,21.094,358.2,45.29,,46,16.211,108.7,35.3,,888,74,,,,,,,,,,,,,,,,,,,,,,
80, 18-04-2020 17:10:05,34,21.289,394.3,55.48,,44,17.773,384.5,42.97,,36,20.898,366.9,45.28,,45,16.016,108.9,35.3,,900,75,,,,,,,,,,,,,,,,,,,,,,
80, 18-04-2020 17:10:06,34,18.555,394.6,55.48,,44,17.969,389,42.97,,36,18.164,359.6,45.27,,47,15.625,106.9,35.3,,912,76,,,,,,,,,,,,,,,,,,,,,,
80, 18-04-2020 17:10:07,34,19.922,380.6,56,,43,18.555,384.5,43.05,,35,20.898,349.5,45.27,,50,16.211,107.3,35.3,,924,77,,,,,,,,,,,,,,,,,,,,,,
80, 18-04-2020 17:10:08,35,20.117,385.4,56.52,,44,18.164,382.9,43.08,,32,19.922,357.7,45.66,,51,14.844,105.6,35.3,,936,78,,,,,,,,,,,,,,,,,,,,,,
80, 18-04-2020 17:10:09,32,18.359,384.7,56.52,,43,18.359,378.3,43.08,,35,20.117,348.2,45.57,,50,16.797,104,35.3,,948,79,,,,,,,,,,,,,,,,,,,,,,
80, 18-04-2020 17:10:10,35,20.117,391.8,57.03,,42,18.75,374.3,45.08,,34,19.922,349.8,45.57,,54,16.211,104.6,35.32,,960,80,,,,,,,,,,,,,,,,,,,,,,
80, 18-04-2020 17:10:11,34,18.945,371.9,57.55,,43,20.117,378,45.1,,33,21.484,340.5,45.3,,56,16.243,103.2,35.32,,972,81,,,,,,,,,,,,,,,,,,,,,,
80, 18-04-2020 17:10:12,33,20.117,360.5,58.2,,44,18.945,374.8,45.1,,29,19.922,344.4,45.32,,56,16.016,101.6,35.32,,984,82,,,,,,,,,,,,,,,,,,,,,,
80, 18-04-2020 17:10:13,35,19.727,373.2,58.2,,43,17.578,371.1,45.1,,33,19.922,339.1,45.28,,56,16.406,100.7,35.32,,996,83,,,,,,,,,,,,,,,,,,,,,,
80, 18-04-2020 17:10:14,34,20.313,369,58.71,,44,19.336,370.3,45.2,,33,18.164,337.7,45.28,,56,16.211,100.9,35.32,,1008,84,,,,,,,,,,,,,,,,,,,,,,
80, 18-04-2020 17:10:15,34,20.117,361.6,59.36,,43,19.531,371.8,45.21,,32,21.289,331.9,45.32,,55,15.625,99.3,35.32,,1020,85,,,,,,,,,,,,,,,,,,,,,,
80, 18-04-2020 17:10:16,35,20.508,366.9,59.36,,43,18.223,364,45.21,,31,19.922,334.1,45.27,,53,16.797,97.9,35.32,,1032,86,,,,,,,,,,,,,,,,,,,,,,
80, 18-04-2020 17:10:17,34,17.383,360.6,59.88,,42,19.141,363.1,45.21,,33,20.313,336.6,45.29,,52,15.039,98.1,35.32,,1044,87,,,,,,,,,,,,,,,,,,,,,,
80, 18-04-2020 17:10:18,34,19.922,354.4,60.52,,40,16.602,365.8,45.21,,33,19.531,322.8,45.29,,52,15.82,97.4,35.32,,1056,88,,,,,,,,,,,,,,,,,,,,,,
80, 18-04-2020 17:10:19,33,19.727,353.9,61.04,,42,17.383,361.9,43.28,,32,20.117,318.8,45.33,,55,16.211,94.8,35.32,,1068,89,,,,,,,,,,,,,,,,,,,,,,
80, 18-04-2020 17:10:20,31,19.141,349.4,61.04,,42,18.75,360.4,43.28,,31,19.531,325.4,45.27,,51,16.406,93.8,35.32,,1080,90,,,,,,,,,,,,,,,,,,,,,,
80, 18-04-2020 17:10:21,33,19.531,353.9,61.69,,42,17.578,355.9,43.35,,32,16.797,325.2,47.32,,49,15.43,93.6,35.32,,1092,91,,,,,,,,,,,,,,,,,,,,,,
80, 18-04-2020 17:10:22,34,18.75,340.1,64.33,,42,18.555,358.2,43.35,,32,22.07,317.7,47.32,,57,14.844,92.2,35.38,,1104,92,,,,,,,,,,,,,,,,,,,,,,
80, 18-04-2020 17:10:23,33,20.703,339.3,64.98,,41,18.555,356,43.35,,32,21.289,315.9,47.33,,57,16.211,92.3,35.38,,1116,93,,,,,,,,,,,,,,,,,,,,,,
80, 18-04-2020 17:10:24,31,18.359,338.4,64.98,,42,18.945,353,43.35,,32,19.336,312.5,47.3,,56,17.383,90.7,35.38,,1128,94,,,,,,,,,,,,,,,,,,,,,,
80, 18-04-2020 17:10:25,32,19.141,340.1,65.62,,41,19.336,350.3,43.41,,31,17.578,310.9,47.32,,55,16.406,90.1,35.38,,1140,95,,,,,,,,,,,,,,,,,,,,,,
80, 18-04-2020 17:10:26,33,20.313,328.9,66.27,,40,17.773,351.9,43.41,,31,20.508,306.3,47.32,,53,15.82,90.1,35.38,,1152,96,,,,,,,,,,,,,,,,,,,,,,
80, 18-04-2020 17:10:27,32,18.555,325.9,66.27,,40,20.703,347.1,43.41,,31,20.117,307.1,47.3,,56,16.211,88.8,35.38,,1164,97,,,,,,,,,,,,,,,,,,,,,,
80, 18-04-2020 17:10:28,33,18.945,324.8,66.41,,41,18.75,343.1,43.45,,31,18.555,307.7,46.3,,56,15.82,88.4,35.38,,1176,98,,,,,,,,,,,,,,,,,,,,,,
80, 18-04-2020 17:10:29,32,17.578,321.1,67.07,,38,17.773,344.1,43.45,,28,18.75,292.8,46.3,,55,15.625,87.4,35.38,,1188,99,,,,,,,,,,,,,,,,,,,,,,
80, 18-04-2020 17:10:30,31,18.555,322.7,67.71,,38,18.164,341.1,45.45,,29,19.531,278.8,46.77,,55,16.211,87.2,35.38,,1200,100,,,,,,,,,,,,,,,,,,,,,,
80, 18-04-2020 17:10:31,31,18.75,325.1,67.71,,41,18.164,344.7,45.45,,29,20.703,286.4,46.79,,56,15.234,85.9,35.38,,1212,101,,,,,,,,,,,,,,,,,,,,,,
80, 18-04-2020 17:10:32,32,17.188,320.4,68.36,,40,20.898,336.2,45.52,,27,16.992,280.9,46.8,,56,17.188,85,35.38,,1224,102,,,,,,,,,,,,,,,,,,,,,,
80, 18-04-2020 17:10:33,30,19.727,315.3,69.13,,40,18.555,333.4,45.55,,29,20.117,271.3,46.8,,55,15.625,84.5,35.38,,1236,103,,,,,,,,,,,,,,,,,,,,,,
80, 18-04-2020 17:10:34,32,18.75,317.2,69.78,,40,17.969,341.4,45.55,,27,19.727,273.9,47.17,,54,15.234,83.9,35.38,,1248,104,,,,,,,,,,,,,,,,,,,,,,
80, 18-04-2020 17:10:35,29,18.223,312.5,69.78,,40,20.703,334.3,45.55,,27,19.531,273.7,47.23,,54,16.406,82.8,35.38,,1260,105,,,,,,,,,,,,,,,,,,,,,,
80, 18-04-2020 17:10:36,30,20.313,317.2,70.55,,40,19.531,331.4,45.55,,30,18.555,275.8,47.11,,54,14.844,82,35.38,,1272,106,,,,,,,,,,,,,,,,,,,,,,
80, 18-04-2020 17:10:37,29,19.141,302.7,71.2,,40,17.578,335.5,45.62,,29,18.164,273.9,47.11,,54,13.672,82.4,35.38,,1284,107,,,,,,,,,,,,,,,,,,,,,,
80, 18-04-2020 17:10:38,28,18.164,309.1,71.2,,39,19.336,331,45.62,,28,19.727,266.3,46.99,,53,16.211,81.3,35.38,,1296,108,,,,,,,,,,,,,,,,,,,,,,
80, 18-04-2020 17:10:39,29,17.773,310.1,71.97,,39,18.75,321.7,45.68,,27,19.141,267.8,47.35,,51,15.234,80.6,35.38,,1308,109,,,,,,,,,,,,,,,,,,,,,,
80, 18-04-2020 17:10:40,29,20.898,298.3,72.75,,38,19.727,330.1,45.68,,28,18.359,263.4,47.31,,51,16.016,80.4,35.38,,1320,110,,,,,,,,,,,,,,,,,,,,,,
80, 18-04-2020 17:10:41,29,17.969,304.3,73.4,,39,18.75,328.9,45.68,,28,21.484,263.1,47.31,,52,16.211,80.1,35.38,,1332,111,,,,,,,,,,,,,,,,,,,,,,
80, 18-04-2020 17:10:42,28,17.773,304.7,73.4,,33,31.25,289.1,45.68,,27,22.266,263.9,47.3,,54,16.016,79,35.38,,1344,112,,,,,,,,,,,,,,,,,,,,,,
80, 18-04-2020 17:10:43,29,18.75,301.5,74.18,,39,25.195,298.5,45.77,,27,18.555,251.2,47.37,,52,16.377,77.8,35.38,,1356,113,,,,,,,,,,,,,,,,,,,,,,
80, 18-04-2020 17:10:44,28,18.555,295.9,74.95,,39,17.773,322.1,45.77,,27,20.313,257.6,47.26,,51,15.625,77.8,35.38,,1368,114,,,,,,,,,,,,,,,,,,,,,,
80, 18-04-2020 17:10:45,29,18.555,295.2,75.72,,38,20.313,320.1,45.77,,27,18.945,255.4,47.26,,51,15.234,77.8,35.38,,1380,115,,,,,,,,,,,,,,,,,,,,,,
80, 18-04-2020 17:10:46,29,19.727,292.5,75.72,,37,18.75,315.6,45.8,,27,19.727,253.4,47.31,,52,15.43,75.3,35.38,,1392,116,,,,,,,,,,,,,,,,,,,,,,
80, 18-04-2020 17:10:47,29,18.164,293,76.5,,36,18.945,315.6,45.8,,26,18.75,248.9,47.29,,50,15.625,76,35.38,,1404,117,,,,,,,,,,,,,,,,,,,,,,
80, 18-04-2020 17:10:48,30,20.117,281.6,77.27,,39,18.492,315.5,45.8,,26,21.484,245.9,47.31,,49,15.234,75.4,35.35,,1416,118,,,,,,,,,,,,,,,,,,,,,,
80, 18-04-2020 17:10:49,29,18.164,289.3,77.27,,39,18.75,313.3,45.8,,26,18.945,245.9,47.31,,53,14.844,72.4,35.35,,1428,119,,,,,,,,,,,,,,,,,,,,,,
80, 18-04-2020 17:10:50,28,18.945,289.1,78.18,,38,19.922,309.5,45.87,,26,19.727,247.2,47.36,,50,16.992,73.7,35.35,,1440,120,,,,,,,,,,,,,,,,,,,,,,
80, 18-04-2020 17:10:51,29,16.992,282.1,78.95,,36,18.555,313.2,45.9,,26,16.797,247.6,47.28,,49,15.43,73.6,35.35,,1452,121,,,,,,,,,,,,,,,,,,,,,,
80, 18-04-2020 17:10:52,28,18.359,280.2,79.73,,38,19.922,309.1,45.9,,25,21.875,242.2,47.28,,53,14.453,73.6,35.35,,1464,122,,,,,,,,,,,,,,,,,,,,,,
80, 18-04-2020 17:10:53,27,19.727,285.8,79.73,,38,16.602,308.4,45.9,,26,19.531,244.5,47.32,,49,17.188,73,35.35,,1476,123,,,,,,,,,,,,,,,,,,,,,,
80, 18-04-2020 17:10:54,29,19.336,281.9,80.63,,38,18.555,306.4,45.9,,25,19.727,243.5,47.31,,51,16.406,71.8,35.41,,1488,124,,,,,,,,,,,,,,,,,,,,,,
80, 18-04-2020 17:10:55,28,18.164,281,81.4,,36,18.75,305.7,45.97,,26,19.922,235.9,47.29,,49,15.039,72.1,35.41,,1500,125,,,,,,,,,,,,,,,,,,,,,,
80, 18-04-2020 17:10:56,28,18.164,278.3,82.31,,37,17.969,305.7,46.04,,25,20.898,238,47.29,,51,15.039,71.7,35.41,,1512,126,,,,,,,,,,,,,,,,,,,,,,
80, 18-04-2020 17:10:57,28,17.578,279.9,82.31,,37,20.313,299.1,46.04,,25,22.07,234.9,47.32,,53,16.992,71.1,35.41,,1524,127,,,,,,,,,,,,,,,,,,,,,,
80, 18-04-2020 17:10:58,28,17.578,279,83.08,,37,19.336,299.7,46.04,,19,24.023,213.4,47.29,,49,15.82,68.9,35.41,,1536,128,,,,,,,,,,,,,,,,,,,,,,
80, 18-04-2020 17:10:59,28,18.164,273.9,83.99,,37,18.945,304.4,46.04,,25,24.219,215.2,47.31,,46,16.797,68.5,35.41,,1548,129,,,,,,,,,,,,,,,,,,,,,,
80, 18-04-2020 17:11:00,28,18.555,269.2,83.99,,37,18.75,298.4,46.04,,26,19.336,233.3,47.31,,51,18.164,69.1,35.41,,1560,130,,,,,,,,,,,,,,,,,,,,,,
80, 18-04-2020 17:11:01,28,19.531,273.9,84.9,,37,18.555,297.2,46.11,,25,19.922,233.6,47.36,,51,18.555,66.7,35.41,,1572,131,,,,,,,,,,,,,,,,,,,,,,
80, 18-04-2020 17:11:02,28,21.289,269.1,85.8,,34,17.773,294,46.11,,22,23.242,218.3,47.28,,49,16.211,68.4,35.41,,1584,132,,,,,,,,,,,,,,,,,,,,,,
80, 18-04-2020 17:11:03,27,19.336,265.2,86.7,,36,18.555,293,46.11,,25,20.898,226.2,47.31,,47,14.453,68.4,35.41,,1596,133,,,,,,,,,,,,,,,,,,,,,,
80, 18-04-2020 17:11:04,27,19.336,267.4,86.7,,36,19.727,290.9,46.11,,26,19.727,222.2,47.31,,52,14.648,68.2,35.41,,1608,134,,,,,,,,,,,,,,,,,,,,,,
80, 18-04-2020 17:11:05,27,18.359,267.8,87.61,,35,19.336,288.4,46.14,,25,20.508,237.9,47.29,,50,14.844,64.9,35.41,,1620,135,,,,,,,,,,,,,,,,,,,,,,
80, 18-04-2020 17:11:06,28,17.969,268.6,88.52,,33,18.75,286.9,46.14,,27,19.922,238.7,47.33,,50,15.039,67,37.41,,1632,136,,,,,,,,,,,,,,,,,,,,,,
80, 18-04-2020 17:11:07,27,18.492,264,89.42,,36,18.75,286.2,46.22,,25,19.141,235.4,47.3,,51,15.234,65.3,37.41,,1644,137,,,,,,,,,,,,,,,,,,,,,,
80, 18-04-2020 17:11:08,25,18.164,264.7,89.42,,36,18.359,284,46.22,,26,19.531,232.9,47.3,,49,16.016,66,37.41,,1656,138,,,,,,,,,,,,,,,,,,,,,,
80, 18-04-2020 17:11:09,28,17.969,260.6,90.32,,36,18.75,280.3,46.24,,25,19.922,233.4,47.32,,45,14.844,64.2,37.41,,1668,139,,,,,,,,,,,,,,,,,,,,,,
80, 18-04-2020 17:11:10,27,17.578,260.4,91.23,,36,17.037,286,46.27,,25,17.383,224.3,47.32,,50,16.406,64.9,37.41,,1680,140,,,,,,,,,,,,,,,,,,,,,,
80, 18-04-2020 17:11:11,26,18.359,259.5,91.23,,36,18.945,283.4,46.27,,26,17.383,232,47.32,,48,14.844,65.3,37.41,,1692,141,,,,,,,,,,,,,,,,,,,,,,
80, 18-04-2020 17:11:12,25,19.336,262.5,92.26,,36,18.75,280.1,46.27,,25,22.07,217.2,47.32,,49,16.016,63.2,36.42,,1704,142,,,,,,,,,,,,,,,,,,,,,,
80, 18-04-2020 17:11:13,25,21.289,255.3,93.17,,36,18.164,279.6,46.34,,25,26.172,199.1,47.3,,51,14.844,64,36.42,,1716,143,,,,,,,,,,,,,,,,,,,,,,
80, 18-04-2020 17:11:14,25,24.609,242,94.2,,35,19.727,278.9,46.34,,24,21.289,219.4,47.29,,50,15.234,63.5,36.92,,1728,144,,,,,,,,,,,,,,,,,,,,,,
80, 18-04-2020 17:11:15,25,19.336,255.1,94.2,,36,19.141,274.9,46.34,,0,13.086,215.4,47.31,,50,14.453,62.5,36.92,,1740,145,,,,,,,,,,,,,,,,,,,,,,
80, 18-04-2020 17:11:16,26,18.555,255.7,95.1,,32,18.359,271.8,46.41,,18,19.141,127.2,47.31,,48,15.625,61.8,36.92,,1752,146,,,,,,,,,,,,,,,,,,,,,,
80, 18-04-2020 17:11:17,26,17.773,251.8,96.13,,32,18.555,270.7,46.41,,18,22.266,217.2,47.31,,50,15.234,62.3,36.92,,1764,147,,,,,,,,,,,,,,,,,,,,,,
80, 18-04-2020 17:11:18,24,17.578,251.3,97.04,,35,17.969,274.8,46.47,,19,19.531,218.5,47.33,,48,15.647,62.4,36.92,,1776,148,,,,,,,,,,,,,,,,,,,,,,
80, 18-04-2020 17:11:19,25,17.188,251.7,97.04,,34,18.555,271.5,46.47,,18,19.531,220.1,47.33,,50,14.453,59.9,36.92,,1788,149,,,,,,,,,,,,,,,,,,,,,,
80, 18-04-2020 17:11:20,26,17.773,250.4,98.07,,34,19.336,269.1,46.47,,18,18.555,218.8,47.39,,48,14.648,61.1,36.92,,1800,150,,,,,,,,,,,,,,,,,,,,,,
80, 18-04-2020 17:11:21,24,18.945,245.4,99.1,,34,17.578,270.2,46.47,,17,17.188,222.1,47.34,,46,15.82,60.5,34.92,,1812,151,,,,,,,,,,,,,,,,,,,,,,
80, 18-04-2020 17:11:22,26,18.555,248,100.13,,34,20.703,263.2,46.47,,18,19.336,222.7,47.34,,47,15.234,60.8,34.92,,1824,152,,,,,,,,,,,,,,,,,,,,,,
80, 18-04-2020 17:11:23,26,18.75,247.9,100.13,,33,20.703,259.5,46.51,,18,19.336,221.8,47.34,,48,15.234,60.9,34.92,,1836,153,,,,,,,,,,,,,,,,,,,,,,
80, 18-04-2020 17:11:24,26,17.969,243.9,101.17,,34,18.75,267.3,46.57,,18,18.555,215.1,47.34,,48,16.406,59.2,34.92,,1848,154,,,,,,,,,,,,,,,,,,,,,,
80, 18-04-2020 17:11:25,26,19.727,242.7,102.2,,34,17.969,267,46.57,,17,16.992,213.1,47.36,,46,15.625,59.5,34.98,,1860,155,,,,,,,,,,,,,,,,,,,,,,
80, 18-04-2020 17:11:26,25,17.578,244.1,102.2,,31,17.773,252.7,46.57,,17,18.945,214.4,47.61,,49,15.625,58.4,34.98,,1872,156,,,,,,,,,,,,,,,,,,,,,,
80, 18-04-2020 17:11:27,25,18.359,243.8,103.24,,34,20.313,256.9,46.57,,17,16.602,212.6,47.61,,46,14.648,59.7,35.48,,1884,157,,,,,,,,,,,,,,,,,,,,,,
80, 18-04-2020 17:11:28,25,17.969,237.5,104.27,,34,17.188,263.7,46.61,,18,17.969,204.6,47.84,,47,14.648,59.2,35.48,,1896,158,,,,,,,,,,,,,,,,,,,,,,
80, 18-04-2020 17:11:29,25,18.164,242.2,105.31,,33,18.164,260.9,46.68,,16,18.359,209.7,47.37,,49,15.039,58.4,35.5,,1908,159,,,,,,,,,,,,,,,,,,,,,,
80, 18-04-2020 17:11:30,24,20.117,237.8,105.31,,34,18.359,252.4,46.68,,18,17.969,213.3,47.34,,47,15.43,58.4,35.5,,1920,160,,,,,,,,,,,,,,,,,,,,,,
80, 18-04-2020 17:11:31,20,17.578,232.9,106.47,,33,18.359,256.5,46.68,,18,19.336,207.9,47.34,,48,15.234,58.7,35.5,,1932,161,,,,,,,,,,,,,,,,,,,,,,
80, 18-04-2020 17:11:32,25,17.773,236.9,107.51,,34,17.383,258.3,46.68,,16,17.969,207.9,47.3,,46,16.602,57.8,35.5,,1944,162,,,,,,,,,,,,,,,,,,,,,,
80, 18-04-2020 17:11:33,25,19.336,230.2,108.54,,33,18.75,257.2,46.68,,16,17.773,208.2,47.3,,46,15.82,57,35.5,,1956,163,,,,,,,,,,,,,,,,,,,,,,
80, 18-04-2020 17:11:34,25,21.094,232.8,108.54,,33,17.383,254.5,46.77,,18,19.141,211.3,47.34,,48,18.164,54.9,35.5,,1968,164,,,,,,,,,,,,,,,,,,,,,,
80, 18-04-2020 17:11:35,25,18.75,231.6,109.7,,31,18.164,253.8,46.77,,17,17.969,210.1,47.34,,47,16.016,55.5,35.5,,1980,165,,,,,,,,,,,,,,,,,,,,,,
80, 18-04-2020 17:11:36,24,19.336,230.3,110.73,,33,17.578,248,46.85,,17,18.945,207.8,47.3,,43,18.359,54.2,35.5,,1992,166,,,,,,,,,,,,,,,,,,,,,,
80, 18-04-2020 17:11:37,24,18.945,232.9,111.89,,33,17.383,251.9,46.85,,17,16.992,208.9,47.35,,39,23.828,52.7,35.5,,2004,167,,,,,,,,,,,,,,,,,,,,,,
80, 18-04-2020 17:11:38,25,17.969,233.8,111.89,,33,19.531,245.3,46.85,,17,18.75,205.4,47.81,,43,16.406,53.6,35.5,,2016,168,,,,,,,,,,,,,,,,,,,,,,
80, 18-04-2020 17:11:39,25,18.75,232.1,113.05,,32,18.359,247.7,46.85,,18,16.992,204.6,47.81,,45,16.992,53.5,35.5,,2028,169,,,,,,,,,,,,,,,,,,,,,,
80, 18-04-2020 17:11:40,26,16.797,230.4,114.21,,32,16.016,253.3,46.85,,16,18.945,201.6,47.32,,43,19.727,52.2,35.5,,2040,170,,,,,,,,,,,,,,,,,,,,,,
80, 18-04-2020 17:11:41,25,17.188,226.7,114.21,,32,19.141,243.1,46.85,,17,17.578,203.5,47.32,,43,18.359,52.5,35.5,,2052,171,,,,,,,,,,,,,,,,,,,,,,
80, 18-04-2020 17:11:42,24,17.826,227.4,116.41,,31,18.876,244.1,46.95,,18,17.773,203.7,47.34,,44,16.602,54.2,35.5,,2064,172,,,,,,,,,,,,,,,,,,,,,,
80, 18-04-2020 17:11:43,25,17.969,226.7,117.57,,33,17.188,247.8,46.95,,17,19.141,198.7,47.34,,46,25.586,50.2,35.5,,2076,173,,,,,,,,,,,,,,,,,,,,,,
80, 18-04-2020 17:11:44,22,19.141,218.3,117.57,,32,18.164,243.9,46.95,,17,17.383,198.9,47.38,,44,17.969,53.4,35.5,,2088,174,,,,,,,,,,,,,,,,,,,,,,
80, 18-04-2020 17:11:45,23,18.359,224.7,118.87,,32,16.602,244,46.95,,16,18.164,200.2,47.31,,45,14.844,52.4,35.5,,2100,175,,,,,,,,,,,,,,,,,,,,,,
80, 18-04-2020 17:11:46,24,17.773,227.7,120.03,,32,18.359,243.5,46.95,,17,17.188,197.1,47.36,,45,14.258,54.9,35.5,,2112,176,,,,,,,,,,,,,,,,,,,,,,
80, 18-04-2020 17:11:47,24,19.336,222.3,121.2,,33,17.578,243.3,47,,17,18.164,196.1,47.36,,44,16.016,53.9,35.5,,2124,177,,,,,,,,,,,,,,,,,,,,,,
80, 18-04-2020 17:11:48,24,17.578,225.8,121.2,,32,17.969,238.5,47,,16,19.141,194.7,47.76,,46,15.039,53.5,35.5,,2136,178,,,,,,,,,,,,,,,,,,,,,,
80, 18-04-2020 17:11:49,24,16.992,220.4,122.36,,32,17.383,241.7,47.06,,16,18.555,195.3,47.32,,46,15.039,53.8,37.5,,2148,179,,,,,,,,,,,,,,,,,,,,,,
80, 18-04-2020 17:11:50,23,17.773,219.9,123.65,,32,17.773,237.3,47.06,,17,18.555,195.2,47.37,,46,13.686,52.7,37.5,,2160,180,,,,,,,,,,,,,,,,,,,,,,
80, 18-04-2020 17:11:51,23,19.141,221.5,124.81,,32,19.336,239.3,47.06,,16,19.531,195,47.37,,43,13.867,52.9,37.5,,2172,181,,,,,,,,,,,,,,,,,,,,,,
80, 18-04-2020 17:11:52,24,18.555,218.9,124.81,,32,18.945,237.7,47.06,,16,19.531,193.5,47.29,,44,15.625,52.2,37.5,,2184,182,,,,,,,,,,,,,,,,,,,,,,
80, 18-04-2020 17:11:53,24,16.016,221.5,126.1,,31,18.945,236.5,47.1,,16,17.773,192.1,47.33,,43,15.039,52.8,37.5,,2196,183,,,,,,,,,,,,,,,,,,,,,,
80, 18-04-2020 17:11:54,23,18.164,219.5,127.26,,31,19.727,235.5,47.16,,16,18.359,192.9,47.33,,43,15.039,53,37,,2208,184,,,,,,,,,,,,,,,,,,,,,,
80, 18-04-2020 17:11:55,18,17.383,210.6,127.26,,31,17.383,231.8,47.16,,17,17.969,190.2,47.33,,46,16.016,51.7,37,,2220,185,,,,,,,,,,,,,,,,,,,,,,
80, 18-04-2020 17:11:56,23,18.359,218.1,128.55,,31,19.727,234.7,47.16,,16,20.703,189.9,47.65,,48,15.82,52.3,37.07,,2232,186,,,,,,,,,,,,,,,,,,,,,,
80, 18-04-2020 17:11:57,23,17.188,215,129.84,,31,17.773,232.5,47.16,,16,17.188,187.6,47.41,,46,15.43,51.7,37.07,,2244,187,,,,,,,,,,,,,,,,,,,,,,
80, 18-04-2020 17:11:58,23,18.75,214.6,131,,31,15.82,230.3,47.16,,16,17.578,187.5,47.29,,46,14.258,51.7,37.07,,2256,188,,,,,,,,,,,,,,,,,,,,,,
80, 18-04-2020 17:11:59,22,18.945,213.1,131,,31,16.992,231.7,47.27,,16,19.141,186.9,47.29,,47,16.406,50.7,37.07,,2268,189,,,,,,,,,,,,,,,,,,,,,,
80, 18-04-2020 17:12:00,22,18.75,213,132.29,,31,17.383,231,47.27,,16,19.336,183.2,47.33,,43,16.211,50.7,37.07,,2280,190,,,,,,,,,,,,,,,,,,,,,,
80, 18-04-2020 17:12:01,23,18.75,209.7,133.59,,31,18.359,230.4,47.27,,22,18.359,183.9,47.32,,46,14.648,51,37.07,,2292,191,,,,,,,,,,,,,,,,,,,,,,
80, 18-04-2020 17:12:02,23,19.727,209.9,134.89,,31,17.773,227.3,47.27,,22,18.555,181.1,47.36,,44,16.016,50.3,37.07,,2304,192,,,,,,,,,,,,,,,,,,,,,,
80, 18-04-2020 17:12:03,23,17.578,208.2,134.89,,30,18.555,227.9,47.27,,22,17.773,180.4,47.36,,41,15.039,49.2,37.07,,2316,193,,,,,,,,,,,,,,,,,,,,,,
80, 18-04-2020 17:12:04,22,18.164,207.7,136.18,,30,17.773,221.4,47.28,,21,20.313,179.2,47.42,,41,14.258,49.6,37.57,,2328,194,,,,,,,,,,,,,,,,,,,,,,
80, 18-04-2020 17:12:05,24,18.359,208.8,137.47,,30,16.992,226.9,47.32,,21,17.969,180.2,47.7,,42,14.453,50,37.57,,2340,195,,,,,,,,,,,,,,,,,,,,,,
80, 18-04-2020 17:12:06,22,19.531,206,137.47,,30,18.555,225.9,47.38,,22,21.094,174.9,47.32,,44,15.039,49.5,37.57,,2352,196,,,,,,,,,,,,,,,,,,,,,,
80, 18-04-2020 17:12:07,20,17.578,196.9,138.89,,30,17.383,226.4,47.38,,22,22.461,176.3,47.32,,43,16.016,49.3,37.57,,2364,197,,,,,,,,,,,,,,,,,,,,,,
80, 18-04-2020 17:12:08,23,16.992,207.7,140.18,,29,18.555,219,47.38,,21,17.969,174.8,47.31,,43,14.648,49.4,37.57,,2376,198,,,,,,,,,,,,,,,,,,,,,,
80, 18-04-2020 17:12:09,22,18.164,201.9,141.59,,29,18.164,222.8,47.38,,22,19.336,176.4,47.32,,42,15.625,48.4,37.57,,2388,199,,,,,,,,,,,,,,,,,,,,,,
80, 18-04-2020 17:12:10,23,17.383,201.9,141.59,,31,16.797,223.4,47.38,,21,18.945,174.9,47.32,,43,14.648,48.7,37.57,,2400,200,,,,,,,,,,,,,,,,,,,,,,
80, 18-04-2020 17:12:11,23,19.336,204.9,142.88,,31,18.945,220.7,47.38,,21,17.969,172.9,47.34,,44,15.234,48.3,37.57,,2412,201,,,,,,,,,,,,,,,,,,,,,,
80, 18-04-2020 17:12:12,23,17.969,206.9,144.32,,30,19.141,215.2,47.55,,20,17.383,174,47.37,,44,15.234,48.5,37.57,,2424,202,,,,,,,,,,,,,,,,,,,,,,
80, 18-04-2020 17:12:13,22,18.75,201.9,145.74,,28,16.797,217.5,47.55,,17,23.242,166.2,47.48,,45,14.844,48.6,37.57,,2436,203,,,,,,,,,,,,,,,,,,,,,,
80, 18-04-2020 17:12:14,19,19.261,195,145.74,,29,18.164,217.8,47.55,,20,28.711,158.9,47.48,,46,15.039,47.8,37.57,,2448,204,,,,,,,,,,,,,,,,,,,,,,
80, 18-04-2020 17:12:15,23,17.383,202.6,147.03,,30,17.578,216.1,47.55,,21,18.555,172.5,47.75,,43,14.453,47.6,37.57,,2460,205,,,,,,,,,,,,,,,,,,,,,,
80, 18-04-2020 17:12:16,23,17.578,202.9,148.45,,30,17.188,214.9,47.55,,19,18.75,172.5,47.31,,41,16.247,47.5,37.57,,2472,206,,,,,,,,,,,,,,,,,,,,,,
80, 18-04-2020 17:12:17,22,17.773,200.2,148.45,,30,16.044,217.1,47.55,,22,18.359,172.3,47.33,,45,14.648,47.3,37.57,,2484,207,,,,,,,,,,,,,,,,,,,,,,
80, 18-04-2020 17:12:18,22,17.773,196.9,149.88,,30,17.188,216.4,47.55,,21,20.703,170.8,47.33,,43,16.211,46.5,37.57,,2496,208,,,,,,,,,,,,,,,,,,,,,,
80, 18-04-2020 17:12:19,22,16.602,200.6,151.29,,30,18.75,213,47.65,,20,18.945,171.4,47.34,,41,15.625,46.3,37.57,,2508,209,,,,,,,,,,,,,,,,,,,,,,
80, 18-04-2020 17:12:20,22,19.727,199.5,152.71,,29,17.969,216.3,47.65,,19,19.727,168.1,47.35,,41,14.453,46.7,37.57,,2520,210,,,,,,,,,,,,,,,,,,,,,,
80, 18-04-2020 17:12:21,20,18.359,188.2,152.71,,29,18.75,211.2,47.65,,21,19.141,169,47.61,,45,14.648,46.9,37.57,,2532,211,,,,,,,,,,,,,,,,,,,,,,
80, 18-04-2020 17:12:22,20,16.797,194.7,154.13,,29,16.602,213,47.65,,20,17.578,168.9,47.61,,45,15.234,46.5,37.57,,2544,212,,,,,,,,,,,,,,,,,,,,,,
80, 18-04-2020 17:12:23,22,17.188,195.8,155.55,,29,17.578,211.6,47.65,,20,20.117,166.5,47.36,,42,15.625,45.8,37.57,,2556,213,,,,,,,,,,,,,,,,,,,,,,
80, 18-04-2020 17:12:24,22,18.945,194.6,157.09,,30,17.578,210.4,47.75,,20,19.727,167.6,47.33,,44,15.234,45.7,37.57,,2568,214,,,,,,,,,,,,,,,,,,,,,,
80, 18-04-2020 17:12:25,20,17.188,192.3,157.09,,29,18.164,212.4,47.75,,20,17.383,166.9,47.32,,42,14.258,46.1,37.57,,2580,215,,,,,,,,,,,,,,,,,,,,,,
80, 18-04-2020 17:12:26,22,16.602,197.3,158.52,,29,17.773,211.1,47.75,,20,17.773,166.8,47.32,,46,15.039,45.6,37.57,,2592,216,,,,,,,,,,,,,,,,,,,,,,
80, 18-04-2020 17:12:27,22,18.359,192.4,160.06,,29,17.383,206.8,47.75,,18,19.837,159.1,47.35,,44,15.43,45,37.57,,2604,217,,,,,,,,,,,,,,,,,,,,,,
80, 18-04-2020 17:12:28,21,18.359,191.3,160.06,,26,17.773,206.1,47.75,,19,22.391,154.5,47.37,,41,14.063,45,37.63,,2616,218,,,,,,,,,,,,,,,,,,,,,,
80, 18-04-2020 17:12:29,21,18.945,188,161.48,,29,16.406,209.7,47.75,,19,22.07,156.7,47.64,,46,14.648,44.8,37.63,,2628,219,,,,,,,,,,,,,,,,,,,,,,
80, 18-04-2020 17:12:30,21,18.945,189.8,163.04,,28,18.555,206.1,47.75,,20,18.75,162.8,47.64,,42,15.82,45.1,37.63,,2640,220,,,,,,,,,,,,,,,,,,,,,,
80, 18-04-2020 17:12:31,21,18.164,190.7,164.72,,29,19.922,206.9,47.87,,20,19.727,160.3,47.35,,43,15.43,44.4,37.63,,2652,221,,,,,,,,,,,,,,,,,,,,,,
80, 18-04-2020 17:12:32,21,17.032,190.9,164.72,,29,17.188,207.1,47.87,,19,18.164,160.5,47.32,,45,14.648,43.6,37.63,,2664,222,,,,,,,,,,,,,,,,,,,,,,
80, 18-04-2020 17:12:33,22,17.773,185.7,166.27,,29,16.992,207.8,47.87,,20,18.555,158.6,47.32,,39,16.992,40.1,37.63,,2676,223,,,,,,,,,,,,,,,,,,,,,,
80, 18-04-2020 17:12:34,22,21.484,183.2,167.83,,29,17.969,202.2,47.87,,20,17.383,157.3,47.32,,41,16.602,39.9,37.63,,2688,224,,,,,,,,,,,,,,,,,,,,,,
80, 18-04-2020 17:12:35,21,21.094,183.5,167.83,,27,16.992,203.9,47.87,,19,19.531,158.4,47.37,,45,14.648,43.9,37.63,,2700,225,,,,,,,,,,,,,,,,,,,,,,
80, 18-04-2020 17:12:36,22,17.188,188.1,169.38,,26,17.188,197.9,47.97,,19,17.188,159.4,47.33,,47,14.258,43.9,37.63,,2712,226,,,,,,,,,,,,,,,,,,,,,,
80, 18-04-2020 17:12:37,22,17.383,184.2,171.05,,27,17.383,201.5,47.97,,19,16.992,158.8,47.61,,43,15.8,43.9,37.63,,2724,227,,,,,,,,,,,,,,,,,,,,,,
80, 18-04-2020 17:12:38,22,18.555,184.9,171.05,,28,19.336,200.8,47.98,,20,18.164,157.3,47.61,,42,27.344,40.1,37.63,,2736,228,,,,,,,,,,,,,,,,,,,,,,
80, 18-04-2020 17:12:39,21,16.992,181.1,172.6,,27,18.945,194.9,47.98,,20,17.969,156.2,47.31,,42,15.234,42.8,37.63,,2748,229,,,,,,,,,,,,,,,,,,,,,,
80, 18-04-2020 17:12:40,22,16.992,186.4,174.15,,29,17.188,202.1,47.98,,20,20.508,151.3,47.31,,40,13.281,43.3,37.63,,2760,230,,,,,,,,,,,,,,,,,,,,,,
80, 18-04-2020 17:12:41,22,16.797,186.3,175.7,,25,17.773,194.4,47.98,,19,18.359,156.4,47.34,,39,14.648,42.9,37.63,,2772,231,,,,,,,,,,,,,,,,,,,,,,
80, 18-04-2020 17:12:42,21,16.797,183,175.7,,27,17.578,200.1,48.08,,20,19.727,154.5,47.34,,42,14.453,42.6,37.63,,2784,232,,,,,,,,,,,,,,,,,,,,,,
80, 18-04-2020 17:12:43,20,18.945,184.4,177.37,,26,18.359,199.7,48.08,,19,18.164,154.2,47.31,,42,14.453,42.7,37.63,,2796,233,,,,,,,,,,,,,,,,,,,,,,
80, 18-04-2020 17:12:44,22,17.969,181.9,178.92,,28,15.625,198.8,48.08,,20,17.773,155.1,47.81,,41,14.063,42.7,37.63,,2808,234,,,,,,,,,,,,,,,,,,,,,,
80, 18-04-2020 17:12:45,22,16.992,180.3,178.92,,28,17.773,195.2,48.08,,20,17.383,154.8,47.31,,42,14.063,42.7,37.63,,2820,235,,,,,,,,,,,,,,,,,,,,,,
80, 18-04-2020 17:12:46,21,16.211,181.2,180.61,,27,16.797,195.2,48.08,,19,17.383,153.9,47.31,,40,15.625,41.6,37.63,,2832,236,,,,,,,,,,,,,,,,,,,,,,
80, 18-04-2020 17:12:47,21,16.992,183,182.16,,27,17.188,194.9,48.14,,19,17.969,154.6,47.31,,41,15.039,41.7,37.63,,2844,237,,,,,,,,,,,,,,,,,,,,,,
80, 18-04-2020 17:12:48,21,18.359,176.9,183.84,,28,15.82,197.6,48.24,,20,18.555,154.2,47.32,,45,15.234,42.3,37.63,,2856,238,,,,,,,,,,,,,,,,,,,,,,
80, 18-04-2020 17:12:49,21,17.383,178.1,183.84,,28,18.299,195.6,48.24,,20,17.969,153.6,47.32,,44,15.039,41.6,37.63,,2868,239,,,,,,,,,,,,,,,,,,,,,,
80, 18-04-2020 17:12:50,21,19.141,179.2,185.51,,27,17.773,192.9,48.24,,20,19.336,151.9,47.33,,40,15.43,40.4,37.64,,2880,240,,,,,,,,,,,,,,,,,,,,,,
80, 18-04-2020 17:12:51,21,17.383,180.8,187.19,,28,17.773,188.2,48.24,,19,16.602,150.8,47.55,,40,14.453,41.4,37.64,,2892,241,,,,,,,,,,,,,,,,,,,,,,
80, 18-04-2020 17:12:52,20,18.945,176.1,187.19,,28,17.383,192.8,48.24,,19,18.359,153.7,47.31,,42,14.844,41.6,37.64,,2904,242,,,,,,,,,,,,,,,,,,,,,,
80, 18-04-2020 17:12:53,20,17.383,177.3,188.86,,28,17.578,187.4,48.31,,19,19.922,147.7,47.31,,42,15.234,41.2,37.64,,2916,243,,,,,,,,,,,,,,,,,,,,,,
80, 18-04-2020 17:12:54,21,16.992,177.8,190.54,,27,16.992,191.4,48.31,,19,17.773,148.9,47.36,,43,15.625,40.6,37.64,,2928,244,,,,,,,,,,,,,,,,,,,,,,
80, 18-04-2020 17:12:55,20,21.875,171.6,192.22,,27,17.773,191.6,48.34,,19,17.188,151,47.3,,41,13.281,39.9,37.64,,2940,245,,,,,,,,,,,,,,,,,,,,,,
80, 18-04-2020 17:12:56,21,18.164,170.8,192.22,,28,18.555,190,48.34,,19,21.094,150.2,47.55,,42,13.281,40.4,37.64,,2952,246,,,,,,,,,,,,,,,,,,,,,,
80, 18-04-2020 17:12:57,21,17.773,174,193.89,,27,17.188,188.3,48.38,,19,17.773,150.2,47.55,,43,15.234,40.5,37.64,,2964,247,,,,,,,,,,,,,,,,,,,,,,
80, 18-04-2020 17:12:58,20,17.773,170.7,195.58,,28,15.82,189.1,48.38,,19,18.75,148.8,47.31,,44,14.648,39.8,37.64,,2976,248,,,,,,,,,,,,,,,,,,,,,,
80, 18-04-2020 17:12:59,21,18.359,172,195.58,,27,17.773,188.3,48.44,,19,18.164,149.4,47.31,,38,14.453,40.1,37.76,,2988,249,,,,,,,,,,,,,,,,,,,,,,
80, 18-04-2020 17:13:00,19,17.383,174.9,197.38,,27,16.992,188.6,48.44,,18,17.383,149.9,47.33,,38,14.648,40,37.76,,3000,250,,,,,,,,,,,,,,,,,,,,,,
80, 18-04-2020 17:13:01,21,18.555,174,199.06,,27,19.336,186.7,48.48,,19,18.945,143,47.33,,42,15.82,40.2,37.76,,3012,251,,,,,,,,,,,,,,,,,,,,,,
80, 18-04-2020 17:13:02,21,17.188,173.7,200.73,,27,17.188,188.6,48.48,,18,17.969,146,47.35,,40,16.797,39.2,37.76,,3024,252,,,,,,,,,,,,,,,,,,,,,,
80, 18-04-2020 17:13:03,20,18.876,172.6,200.73,,27,17.383,188.4,48.48,,18,18.164,144.7,47.82,,42,15.039,39.4,37.76,,3036,253,,,,,,,,,,,,,,,,,,,,,,
80, 18-04-2020 17:13:04,20,16.992,173.8,202.54,,27,17.578,185.7,48.48,,19,18.75,143.1,47.33,,44,15.234,39.7,37.76,,3048,254,,,,,,,,,,,,,,,,,,,,,,
80, 18-04-2020 17:13:05,20,18.555,171.8,204.21,,27,17.969,184.2,48.54,,18,19.141,145.7,47.33,,44,15.43,39.5,37.76,,3060,255,,,,,,,,,,,,,,,,,,,,,,
80, 18-04-2020 17:13:06,20,17.188,171.5,204.21,,28,16.602,186,48.54,,33,18.555,145.3,47.29,,37,14.258,39.5,37.79,,3072,256,,,,,,,,,,,,,,,,,,,,,,
80, 18-04-2020 17:13:07,19,16.992,170.8,206.02,,25,15.82,179.5,48.58,,33,18.359,144.1,47.32,,42,14.453,39.3,37.79,,3084,257,,,,,,,,,,,,,,,,,,,,,,
80, 18-04-2020 17:13:08,21,17.383,170.4,207.83,,27,18.359,181.3,48.58,,40,18.555,144.7,47.61,,38,15.234,38.4,37.79,,3096,258,,,,,,,,,,,,,,,,,,,,,,
80, 18-04-2020 17:13:09,21,18.555,170.2,209.5,,27,17.188,181.9,48.58,,40,17.969,145.1,47.61,,44,14.648,38.8,37.79,,3108,259,,,,,,,,,,,,,,,,,,,,,,
80, 18-04-2020 17:13:10,20,16.992,169.6,209.5,,27,16.211,184.8,48.58,,39,18.75,144.5,47.33,,40,14.258,38.7,37.79,,3120,260,,,,,,,,,,,,,,,,,,,,,,
80, 18-04-2020 17:13:11,20,17.188,170.3,211.19,,27,18.359,181.3,48.58,,43,18.164,143.4,47.33,,41,13.867,38.8,37.79,,3132,261,,,,,,,,,,,,,,,,,,,,,,
80, 18-04-2020 17:13:12,20,15.82,169.8,213,,27,16.211,179.5,48.64,,45,18.359,139.9,47.33,,36,15.052,38.2,37.79,,3144,262,,,,,,,,,,,,,,,,,,,,,,
80, 18-04-2020 17:13:13,20,16.992,169.1,214.68,,26,17.188,182.5,48.68,,45,19.531,137.9,47.33,,41,14.648,38.2,37.79,,3156,263,,,,,,,,,,,,,,,,,,,,,,
80, 18-04-2020 17:13:14,20,16.406,165.6,214.68,,27,18.555,181.1,48.68,,51,17.773,141.5,47.34,,40,15.43,38.5,37.79,,3168,264,,,,,,,,,,,,,,,,,,,,,,
80, 18-04-2020 17:13:15,20,17.188,163.8,216.49,,27,16.992,181.3,48.68,,50,19.141,140.4,47.53,,37,15.234,38.4,37.79,,3180,265,,,,,,,,,,,,,,,,,,,,,,
80, 18-04-2020 17:13:16,20,16.992,165.4,218.29,,26,17.773,176.8,48.68,,54,17.773,141.8,47.35,,39,15.43,38,37.79,,3192,266,,,,,,,,,,,,,,,,,,,,,,
80, 18-04-2020 17:13:17,20,17.578,167.3,218.29,,26,17.188,178.4,48.75,,54,18.359,140.8,47.35,,40,15.625,37.7,37.79,,3204,267,,,,,,,,,,,,,,,,,,,,,,
80, 18-04-2020 17:13:18,20,16.992,165.9,219.97,,26,17.773,176.9,48.75,,52,19.141,139.8,47.35,,43,15.039,37.9,37.79,,3216,268,,,,,,,,,,,,,,,,,,,,,,
80, 18-04-2020 17:13:19,20,15.625,164.8,221.77,,27,18.164,176.5,48.75,,53,17.383,140.3,47.33,,38,14.258,38,37.8,,3228,269,,,,,,,,,,,,,,,,,,,,,,
80, 18-04-2020 17:13:20,20,17.578,165,223.58,,26,17.578,177.9,48.78,,56,16.406,140.3,47.58,,39,15.625,36.2,37.8,,3240,270,,,,,,,,,,,,,,,,,,,,,,
80, 18-04-2020 17:13:21,20,17.969,164,223.58,,25,18.555,178.3,48.78,,56,16.797,139.8,47.58,,39,15.234,37,37.8,,3252,271,,,,,,,,,,,,,,,,,,,,,,
80, 18-04-2020 17:13:22,19,17.383,160.3,225.39,,26,18.945,178.4,48.78,,55,18.75,138.9,47.33,,40,14.063,37.1,37.8,,3264,272,,,,,,,,,,,,,,,,,,,,,,
80, 18-04-2020 17:13:23,20,16.602,165.3,227.2,,26,16.602,177,48.78,,55,17.773,138.1,47.33,,42,13.477,37.2,37.8,,3276,273,,,,,,,,,,,,,,,,,,,,,,
80, 18-04-2020 17:13:24,19,18.164,156.7,229.13,,25,19.419,174.3,48.85,,57,15.625,139.7,47.35,,42,13.672,36.8,37.8,,3288,274,,,,,,,,,,,,,,,,,,,,,,
80, 18-04-2020 17:13:25,20,16.602,159.2,230.94,,26,17.578,176.1,48.95,,57,17.383,138.5,47.35,,40,13.867,36.7,37.8,,3300,275,,,,,,,,,,,,,,,,,,,,,,
80, 18-04-2020 17:13:26,19,16.211,158.7,232.75,,26,16.211,174.9,48.95,,55,18.359,136.5,47.46,,42,14.258,36.6,37.8,,3312,276,,,,,,,,,,,,,,,,,,,,,,
80, 18-04-2020 17:13:27,19,16.406,160.2,234.55,,26,18.945,172.1,48.95,,53,18.359,136.7,47.32,,43,14.063,36.6,37.8,,3324,277,,,,,,,,,,,,,,,,,,,,,,
80, 18-04-2020 17:13:28,20,17.578,161.9,234.55,,26,19.336,172.1,48.95,,55,17.383,134.4,47.33,,43,15.625,36.1,37.8,,3336,278,,,,,,,,,,,,,,,,,,,,,,
80, 18-04-2020 17:13:29,19,18.555,159.7,236.48,,25,16.211,174.8,49.02,,56,17.383,135.7,47.33,,44,15.43,36.1,37.8,,3348,279,,,,,,,,,,,,,,,,,,,,,,
80, 18-04-2020 17:13:30,18,17.773,160.4,238.29,,25,20.898,169.5,49.02,,54,17.969,135.6,47.36,,42,14.844,35.7,37.8,,3360,280,,,,,,,,,,,,,,,,,,,,,,
80, 18-04-2020 17:13:31,20,16.992,159.5,240.23,,25,19.336,169.1,49.05,,54,18.555,135.4,47.41,,40,14.844,35.8,37.8,,3372,281,,,,,,,,,,,,,,,,,,,,,,
80, 18-04-2020 17:13:32,20,16.992,159.5,240.23,,25,18.164,171.1,49.05,,56,17.773,135.8,47.36,,41,15.039,34.7,37.8,,3384,282,,,,,,,,,,,,,,,,,,,,,,
80, 18-04-2020 17:13:33,19,16.992,157.1,242.17,,24,17.383,167.7,49.05,,56,16.797,135.5,47.36,,40,15.039,35.2,37.8,,3396,283,,,,,,,,,,,,,,,,,,,,,,
80, 18-04-2020 17:13:34,19,16.039,156.6,244.1,,25,16.797,170.1,49.05,,53,17.188,134.6,47.35,,39,15.039,35.7,37.8,,3408,284,,,,,,,,,,,,,,,,,,,,,,
80, 18-04-2020 17:13:35,20,16.992,159.1,244.1,,22,18.164,165.3,49.12,,54,18.555,135,47.61,,42,14.258,35.2,37.8,,3420,285,,,,,,,,,,,,,,,,,,,,,,
80, 18-04-2020 17:13:36,19,17.383,157,245.92,,24,17.969,170.2,49.12,,53,17.383,134.6,47.31,,39,16.016,35.5,37.8,,3432,286,,,,,,,,,,,,,,,,,,,,,,
80, 18-04-2020 17:13:37,20,16.797,156.2,247.86,,25,17.773,169.5,49.12,,52,16.016,131.3,47.31,,40,15.43,35.2,37.8,,3444,287,,,,,,,,,,,,,,,,,,,,,,
80, 18-04-2020 17:13:38,19,16.602,157.3,249.79,,25,18.164,168.9,49.12,,51,17.773,132.8,47.32,,40,14.453,35.1,37.8,,3456,288,,,,,,,,,,,,,,,,,,,,,,
80, 18-04-2020 17:13:39,19,17.188,152.7,249.79,,24,17.969,165.6,49.16,,56,16.406,132.9,47.31,,35,14.063,34.1,37.8,,3468,289,,,,,,,,,,,,,,,,,,,,,,
80, 18-04-2020 17:13:40,16,42.713,128.4,240.4,,25,16.797,169.5,49.16,,57,17.969,129.8,47.85,,43,15.43,34.7,37.8,,3480,290,,,,,,,,,,,,,,,,,,,,,,
80, 18-04-2020 17:13:41,15,35.742,130.6,242.34,,25,17.578,167.4,49.22,,56,17.578,130.8,47.85,,43,15.039,35,37.8,,3492,291,,,,,,,,,,,,,,,,,,,,,,
80, 18-04-2020 17:13:42,13,62.5,97.5,244.41,,26,17.188,165.7,49.22,,55,19.531,130.8,47.3,,40,13.672,35.2,37.8,,3504,292,,,,,,,,,,,,,,,,,,,,,,
80, 18-04-2020 17:13:43,32,45.342,107.6,244.41,,26,18.555,167.3,49.22,,57,17.188,132.1,47.32,,40,15.234,34.6,37.8,,3516,293,,,,,,,,,,,,,,,,,,,,,,
80, 18-04-2020 17:13:44,33,30.114,133.4,246.35,,25,17.383,166.1,49.26,,52,18.555,128,47.32,,40,15.416,34.4,37.8,,3528,294,,,,,,,,,,,,,,,,,,,,,,
80, 18-04-2020 17:13:45,31,31.055,138.3,248.29,,25,17.578,166.2,49.26,,57,18.75,129.6,47.32,,41,14.453,34.3,37.8,,3540,295,,,,,,,,,,,,,,,,,,,,,,
80, 18-04-2020 17:13:46,37,25.195,143.4,250.35,,25,17.383,164.8,49.26,,55,17.383,130.5,47.55,,41,14.258,34.7,37.8,,3552,296,,,,,,,,,,,,,,,,,,,,,,
80, 18-04-2020 17:13:47,36,25.781,138.2,250.35,,25,17.773,165.2,49.32,,56,18.359,130.1,47.33,,39,16.211,34.1,37.8,,3564,297,,,,,,,,,,,,,,,,,,,,,,
80, 18-04-2020 17:13:48,34,27.148,137.1,252.29,,25,16.406,166.5,49.32,,56,17.773,129.5,47.33,,35,15.234,34.1,37.8,,3576,298,,,,,,,,,,,,,,,,,,,,,,
80, 18-04-2020 17:13:49,44,25,143.9,254.36,,25,18.164,163.9,49.32,,54,20.313,128.1,47.32,,39,14.648,34,37.8,,3588,299,,,,,,,,,,,,,,,,,,,,,,
80, 18-04-2020 17:13:50,40,25.781,141.9,254.36,,26,16.797,164.3,49.36,,54,19.336,129.2,47.56,,42,14.844,34,37.8,,3600,300,,,,,,,,,,,,,,,,,,,,,,
80, 18-04-2020 17:13:51,39,27.539,139.3,256.3,,24,17.188,159.1,49.36,,56,16.211,129.3,47.34,,42,14.648,34,37.8,,3612,301,,,,,,,,,,,,,,,,,,,,,,
80, 18-04-2020 17:13:52,45,25,140.7,258.36,,23,15.82,153.2,49.39,,55,18.75,126.7,47.34,,40,14.648,33.7,37.8,,3624,302,,,,,,,,,,,,,,,,,,,,,,
80, 18-04-2020 17:13:53,46,24.805,139.1,260.43,,24,16.211,155.7,49.39,,53,18.359,126.9,47.35,,38,14.453,33.4,37.8,,3636,303,,,,,,,,,,,,,,,,,,,,,,
80, 18-04-2020 17:13:54,50,29.102,139.8,260.43,,23,18.164,153.9,49.46,,52,16.602,126.5,47.3,,42,14.063,34.1,37.8,,3648,304,,,,,,,,,,,,,,,,,,,,,,
80, 18-04-2020 17:13:55,43,32.617,126.9,262.5,,23,18.107,154.1,49.46,,56,16.016,127.9,47.71,,41,15.43,33.4,37.8,,3660,305,,,,,,,,,,,,,,,,,,,,,,
80, 18-04-2020 17:13:56,42,29.102,135.2,264.56,,24,16.602,156.1,49.5,,55,16.992,126.4,47.71,,36,14.648,33.4,37.8,,3672,306,,,,,,,,,,,,,,,,,,,,,,
80, 18-04-2020 17:13:57,46,30.469,132.2,268.69,,23,19.336,152.8,49.5,,53,18.359,124.7,47.31,,41,14.453,33.4,37.8,,3684,307,,,,,,,,,,,,,,,,,,,,,,
80, 18-04-2020 17:13:55,47,29.492,134,270.88,,20,28.906,139.3,49.5,,53,17.969,125.3,47.32,,40,14.844,32.6,37.8,,3696,308,,,,,,,,,,,,,,,,,,,,,,
80, 18-04-2020 17:13:56,45,28.711,134.8,272.95,,15,44.531,120.8,49.56,,55,16.406,125.5,47.38,,41,15.039,32.9,37.8,,3708,309,,,,,,,,,,,,,,,,,,,,,,
80, 18-04-2020 17:13:58,51,22.656,139.6,272.95,,18,48.633,110.1,49.56,,55,18.555,124.7,47.38,,37,14.453,33.1,37.8,,3720,310,,,,,,,,,,,,,,,,,,,,,,
80, 18-04-2020 17:13:59,49,16.992,146.8,275.15,,20,38.867,129.6,49.56,,53,17.188,123.9,47.31,,35,15.039,32.8,37.8,,3732,311,,,,,,,,,,,,,,,,,,,,,,
80, 18-04-2020 17:14:00,53,18.359,144.9,277.21,,18,42.773,126.5,49.72,,51,18.75,124.4,47.31,,42,14.453,32.8,37.8,,3744,312,,,,,,,,,,,,,,,,,,,,,,
80, 18-04-2020 17:14:01,52,18.62,145.3,277.21,,21,37.695,132.1,49.72,,55,18.359,124.6,47.33,,34,20.703,30.9,37.8,,3756,313,,,,,,,,,,,,,,,,,,,,,,
80, 18-04-2020 17:14:02,51,17.969,145.3,279.27,,22,25.977,138.8,49.72,,54,17.383,122.6,47.33,,27,31.836,28.7,37.92,,3768,314,,,,,,,,,,,,,,,,,,,,,,
80, 18-04-2020 17:14:03,48,25.781,135.8,279.27,,22,24.971,138.4,49.79,,51,17.383,122.6,47.78,,35,22.852,29.4,37.92,,3780,315,,,,,,,,,,,,,,,,,,,,,,
80, 18-04-2020 17:14:04,48,24.414,133.2,281.47,,19,23.242,139.3,49.79,,50,17.188,121.7,47.31,,31,25.977,29.1,37.92,,3792,316,,,,,,,,,,,,,,,,,,,,,,
80, 18-04-2020 17:14:05,50,24.023,134.9,283.67,,21,25.977,139.3,49.79,,53,17.773,121.9,47.33,,34,25.391,28.7,37.92,,3804,317,,,,,,,,,,,,,,,,,,,,,,
80, 18-04-2020 17:14:06,51,25,138.6,285.86,,22,27.93,137.6,49.79,,56,16.406,121.3,47.33,,35,26.172,28.2,37.92,,3816,318,,,,,,,,,,,,,,,,,,,,,,
80, 18-04-2020 17:14:07,45,25.391,138.4,285.86,,21,24.805,138.1,49.82,,54,19.141,122.8,47.34,,36,23.242,29.6,37.92,,3828,319,,,,,,,,,,,,,,,,,,,,,,
80, 18-04-2020 17:14:08,44,24.023,132.9,287.92,,22,24.219,137.2,49.89,,54,16.602,124.2,47.3,,36,27.734,29,37.92,,3840,320,,,,,,,,,,,,,,,,,,,,,,
80, 18-04-2020 17:14:09,50,23.242,135.8,290.12,,22,28.125,132.8,49.89,,56,17.578,123.2,47.3,,37,20.313,29.7,37.92,,3852,321,,,,,,,,,,,,,,,,,,,,,,
80, 18-04-2020 17:14:10,51,26.563,136,290.12,,21,29.688,134.9,49.89,,57,17.773,117.3,47.3,,34,19.141,29.6,37.92,,3864,322,,,,,,,,,,,,,,,,,,,,,,
80, 18-04-2020 17:14:11,51,25.391,134.3,292.45,,20,35.742,127.2,49.89,,54,18.164,119.1,47.33,,34,19.336,29.7,37.92,,3876,323,,,,,,,,,,,,,,,,,,,,,,
80, 18-04-2020 17:14:12,49,23.438,135.5,294.64,,22,23.828,136.6,38.87,,53,18.359,121.3,47.69,,35,19.141,29.9,37.92,,3888,324,,,,,,,,,,,,,,,,,,,,,,
80, 18-04-2020 17:14:13,49,25.195,128.3,296.83,,21,22.07,138.8,38.87,,55,16.797,121.5,47.3,,36,26.953,28.7,37.92,,3900,325,,,,,,,,,,,,,,,,,,,,,,
80, 18-04-2020 17:14:14,48,24.414,128.4,296.83,,23,20.703,141.3,38.95,,55,17.383,122.2,47.3,,35,22.852,28.8,28.98,,3912,326,,,,,,,,,,,,,,,,,,,,,,
80, 18-04-2020 17:14:15,43,28.125,133.1,299.02,,22,20.313,138.2,38.96,,54,18.359,121.1,47.35,,36,22.266,29.7,28.98,,3924,327,,,,,,,,,,,,,,,,,,,,,,
80, 18-04-2020 17:14:16,48,25.977,131.6,301.21,,22,21.289,139.8,38.96,,51,20.703,118.5,47.77,,34,24.219,28.8,28.98,,3936,328,,,,,,,,,,,,,,,,,,,,,,
80, 18-04-2020 17:14:17,36,31.836,112.8,303.41,,22,18.555,141.3,38.96,,53,18.164,119.5,47.34,,34,20.703,28.9,28.98,,3948,329,,,,,,,,,,,,,,,,,,,,,,
80, 18-04-2020 17:14:18,46,29.883,112.7,303.41,,22,20.508,137.3,38.96,,54,18.359,120,47.34,,36,17.773,29.7,28.98,,3960,330,,,,,,,,,,,,,,,,,,,,,,
80, 18-04-2020 17:14:19,41,32.422,114.9,305.73,,21,22.852,135.5,39,,52,16.992,116.4,47.34,,36,15.039,30.6,28.98,,3972,331,,,,,,,,,,,,,,,,,,,,,,
80, 18-04-2020 17:14:20,50,38.672,119,307.93,,21,20.117,134.5,39.06,,49,18.164,119.3,47.52,,35,16.602,29.9,28.98,,3984,332,,,,,,,,,,,,,,,,,,,,,,
80, 18-04-2020 17:14:21,44,40.039,113.5,307.93,,21,20.117,133.7,39.06,,54,17.773,117,47.32,,38,17.969,29.6,28.98,,3996,333,,,,,,,,,,,,,,,,,,,,,,
80, 18-04-2020 17:14:22,46,31.055,125.9,310.25,,19,19.922,130.5,39.06,,53,18.164,117.6,47.32,,29,25.567,28.2,28.98,,4008,334,,,,,,,,,,,,,,,,,,,,,,
80, 18-04-2020 17:14:23,44,27.539,120.1,312.57,,20,20.703,133.1,39.1,,52,18.75,116.9,47.35,,35,25.586,27.3,28.98,,4020,335,,,,,,,,,,,,,,,,,,,,,,
80, 18-04-2020 17:14:24,39,32.617,122.1,314.76,,22,18.164,135.1,39.1,,53,18.945,116.3,47.32,,41,16.992,29.7,28.98,,4032,336,,,,,,,,,,,,,,,,,,,,,,
80, 18-04-2020 17:14:25,39,32.617,120.6,314.76,,22,18.75,137.9,39.16,,52,17.773,117.3,47.53,,35,22.852,27.3,28.98,,4044,337,,,,,,,,,,,,,,,,,,,,,,
80, 18-04-2020 17:14:26,41,23.828,130.9,317.08,,22,17.773,138.6,39.16,,50,18.945,115.8,47.53,,35,20.898,28.6,28.98,,4056,338,,,,,,,,,,,,,,,,,,,,,,
80, 18-04-2020 17:14:27,47,23.438,128.2,319.4,,22,20.117,133.6,39.16,,53,17.578,116.5,47.32,,36,19.727,28.7,28.98,,4068,339,,,,,,,,,,,,,,,,,,,,,,
80, 18-04-2020 17:14:28,52,24.219,124.8,321.73,,21,20.898,134.6,39.16,,54,18.164,116.7,47.32,,32,23.438,27.5,28.98,,4080,340,,,,,,,,,,,,,,,,,,,,,,
80, 18-04-2020 17:14:29,48,25,132.5,321.73,,20,19.336,135.9,39.16,,53,16.211,116.9,47.72,,32,29.883,25.8,28.98,,4092,341,,,,,,,,,,,,,,,,,,,,,,
80, 18-04-2020 17:14:30,51,21.68,132.3,323.92,,19,20.703,134.2,39.2,,53,19.141,114.5,47.72,,33,30.469,26.4,28.98,,4104,342,,,,,,,,,,,,,,,,,,,,,,
80, 18-04-2020 17:14:31,45,30.664,119.4,326.26,,22,20.117,135,39.2,,53,20.313,113.8,47.32,,30,27.93,26.3,28.98,,4116,343,,,,,,,,,,,,,,,,,,,,,,
80, 18-04-2020 17:14:32,45,25.781,127.4,326.26,,20,19.336,132.5,39.27,,54,18.359,115.1,47.32,,37,26.367,26.6,28.98,,4128,344,,,,,,,,,,,,,,,,,,,,,,
80, 18-04-2020 17:14:33,48,28.103,125.2,328.58,,20,21.289,130.5,39.27,,50,17.383,115.3,47.81,,37,27.344,26.8,28.98,,4140,345,,,,,,,,,,,,,,,,,,,,,,
80, 18-04-2020 17:14:34,42,24.805,124.6,330.9,,21,23.105,129.3,39.27,,50,18.359,113.1,47.81,,38,31.836,25.6,28.98,,4152,346,,,,,,,,,,,,,,,,,,,,,,
80, 18-04-2020 17:14:35,50,18.945,130.6,333.37,,22,18.164,132.9,39.27,,51,18.555,114.3,47.32,,35,25.586,26.6,28.98,,4164,347,,,,,,,,,,,,,,,,,,,,,,
80, 18-04-2020 17:14:36,50,19.531,132.9,333.37,,21,19.336,134.1,39.3,,53,16.797,114.2,47.32,,35,18.945,28.2,28.98,,4176,348,,,,,,,,,,,,,,,,,,,,,,
80, 18-04-2020 17:14:37,41,21.484,126.9,335.7,,21,19.141,132.8,39.37,,52,16.797,112.2,47.61,,36,19.727,27.9,28.98,,4188,349,,,,,,,,,,,,,,,,,,,,,,
80, 18-04-2020 17:14:38,41,34.375,120.4,338.02,,21,21.68,127.9,39.37,,52,18.164,114.2,47.61,,31,18.164,28.3,28.98,,4200,350,,,,,,,,,,,,,,,,,,,,,,
80, 18-04-2020 17:14:39,46,30.469,120.8,340.46,,22,21.484,128.4,39.37,,51,17.578,112.4,47.34,,29,26.367,25.9,28.98,,4212,351,,,,,,,,,,,,,,,,,,,,,,
80, 18-04-2020 17:14:40,47,24.023,125.5,340.46,,21,19.922,130.8,39.37,,51,18.164,111.3,47.33,,33,25.195,26.8,28.98,,4224,352,,,,,,,,,,,,,,,,,,,,,,
80, 18-04-2020 17:14:41,44,28.32,125.2,342.79,,21,23.242,129.1,39.37,,51,16.797,110.4,47.4,,32,28.125,26.3,28.98,,4236,353,,,,,,,,,,,,,,,,,,,,,,
80, 18-04-2020 17:14:42,49,31.836,114.3,345.24,,21,21.875,128.5,39.37,,50,17.188,113.3,47.4,,30,29.297,24.6,28.98,,4248,354,,,,,,,,,,,,,,,,,,,,,,
80, 18-04-2020 17:14:43,40,32.227,109.9,347.69,,21,20.898,126.4,39.47,,50,17.188,112.3,47.33,,38,19.336,27.8,28.98,,4260,355,,,,,,,,,,,,,,,,,,,,,,
80, 18-04-2020 17:14:44,39,38.086,109,347.69,,21,30.273,119.3,39.5,,51,16.797,113.2,47.34,,31,17.188,27.4,28.99,,4272,356,,,,,,,,,,,,,,,,,,,,,,
80, 18-04-2020 17:14:45,44,34.766,112.2,350.01,,18,32.227,115.3,39.5,,50,18.164,111.7,47.39,,34,19.922,27.5,28.99,,4284,357,,,,,,,,,,,,,,,,,,,,,,
80, 18-04-2020 17:14:46,35,42.969,106.4,352.47,,20,33.008,116.1,39.5,,50,17.188,111.9,47.39,,31,22.852,26,28.99,,4296,358,,,,,,,,,,,,,,,,,,,,,,
80, 18-04-2020 17:14:47,45,33.008,112.8,352.47,,19,31.836,115.2,39.5,,51,17.578,111.6,47.33,,29,31.445,25.3,28.99,,4308,359,,,,,,,,,,,,,,,,,,,,,,
80, 18-04-2020 17:14:48,42,33.008,112.9,354.93,,20,25.586,122.9,39.54,,50,17.188,112.7,47.36,,30,26.367,25.5,28.99,,4320,360,,,,,,,,,,,,,,,,,,,,,,
80, 18-04-2020 17:14:49,44,27.148,117.2,357.38,,19,23.242,126.5,39.61,,50,17.969,111,47.43,,35,34.57,24.1,28.99,,4332,361,,,,,,,,,,,,,,,,,,,,,,
80, 18-04-2020 17:14:50,46,18.359,123.5,359.83,,19,31.445,115.5,39.61,,50,16.406,109.4,47.43,,33,34.375,23.7,28.99,,4344,362,,,,,,,,,,,,,,,,,,,,,,
80, 18-04-2020 17:14:51,48,20.508,122.1,359.83,,21,25,123.3,39.61,,51,17.188,110.6,47.34,,38,25,26,28.99,,4356,363,,,,,,,,,,,,,,,,,,,,,,
80, 18-04-2020 17:14:52,45,19.922,124.1,362.28,,20,36.328,109.8,39.61,,50,16.406,110.9,47.36,,31,20.703,26.8,28.99,,4368,364,,,,,,,,,,,,,,,,,,,,,,
80, 18-04-2020 17:14:53,45,23.242,120.8,364.74,,21,35.938,111.8,39.61,,39,16.797,105.6,47.36,,35,18.299,27.4,28.99,,4380,365,,,,,,,,,,,,,,,,,,,,,,
80, 18-04-2020 17:14:54,46,24.609,121.4,367.2,,17,35.547,119.2,39.61,,50,16.992,109.4,47.36,,32,24.805,26.2,28.99,,4392,366,,,,,,,,,,,,,,,,,,,,,,
80, 18-04-2020 17:14:55,46,27.539,121.5,367.2,,21,36.523,113.3,39.71,,49,16.992,109.8,47.33,,34,20.508,26.8,28.99,,4404,367,,,,,,,,,,,,,,,,,,,,,,
80, 18-04-2020 17:14:56,45,24.805,119.3,369.65,,19,37.305,110.8,39.71,,49,17.383,110.4,47.32,,29,33.008,23.9,28.99,,4416,368,,,,,,,,,,,,,,,,,,,,,,
80, 18-04-2020 17:14:57,48,24.414,122.8,372.25,,18,38.086,111.4,39.71,,48,17.578,110.4,47.48,,35,21.68,26,28.99,,4428,369,,,,,,,,,,,,,,,,,,,,,,
80, 18-04-2020 17:14:58,49,25.781,117.7,372.25,,20,34.766,113,39.71,,49,18.555,107.4,47.48,,32,33.203,24.2,28.99,,4440,370,,,,,,,,,,,,,,,,,,,,,,
80, 18-04-2020 17:14:59,48,23.438,122.3,374.7,,20,26.367,119.3,39.71,,48,19.336,102.1,47.32,,32,34.375,23.1,28.99,,4452,371,,,,,,,,,,,,,,,,,,,,,,
80, 18-04-2020 17:15:00,44,18.164,123,377.27,,16,29.492,112.1,39.71,,51,17.773,108.3,47.36,,32,35.352,22.8,28.99,,4464,372,,,,,,,,,,,,,,,,,,,,,,
80, 18-04-2020 17:15:01,42,29.297,108.5,379.85,,21,23.633,119.8,39.71,,52,18.164,107.2,47.36,,32,33.398,23.4,28.99,,4476,373,,,,,,,,,,,,,,,,,,,,,,
80, 18-04-2020 17:15:02,39,33.594,107.1,379.85,,20,28.711,117.7,39.81,,51,17.383,106.5,47.37,,32,35.938,23,28.99,,4488,374,,,,,,,,,,,,,,,,,,,,,,
80, 18-04-2020 17:15:03,28,37.305,106.2,382.44,,21,29.688,115.2,39.81,,50,17.969,105.8,47.33,,31,25.391,25.5,28.99,,4500,375,,,,,,,,,,,,,,,,,,,,,,
80, 18-04-2020 17:15:04,37,32.227,106.5,384.89,,19,39.258,108.3,39.82,,53,15.82,106.1,47.36,,32,27.734,24.6,28.99,,4512,376,,,,,,,,,,,,,,,,,,,,,,
80, 18-04-2020 17:15:05,43,30.078,112.4,387.47,,19,40.625,106.9,39.82,,53,17.578,106.4,47.36,,38,22.461,25.6,29.12,,4524,377,,,,,,,,,,,,,,,,,,,,,,
80, 18-04-2020 17:15:06,41,30.078,112.5,387.47,,21,34.766,111.8,39.82,,52,17.578,106.3,47.36,,32,33.984,24.1,29.12,,4536,378,,,,,,,,,,,,,,,,,,,,,,
80, 18-04-2020 17:15:07,47,21.289,118.7,390.04,,18,35.938,110.3,39.92,,48,18.555,105.4,47.31,,30,34.375,23,29.12,,4548,379,,,,,,,,,,,,,,,,,,,,,,
80, 18-04-2020 17:15:08,44,28.544,114.9,392.62,,18,41.797,107.7,39.92,,52,17.383,106.6,47.34,,32,30.664,23.6,29.12,,4560,380,,,,,,,,,,,,,,,,,,,,,,
80, 18-04-2020 17:15:09,45,28.516,110.7,395.21,,16,42.188,106,39.92,,51,19.141,105.9,47.34,,32,34.375,22.7,29.12,,4572,381,,,,,,,,,,,,,,,,,,,,,,
80, 18-04-2020 17:15:10,45,22.656,116.4,397.66,,19,36.087,109.9,39.92,,51,18.75,104.3,47.32,,32,37.695,22.1,29.12,,4584,382,,,,,,,,,,,,,,,,,,,,,,
80, 18-04-2020 17:15:11,41,23.828,115.7,400.37,,16,30.078,114.9,39.92,,49,18.164,103.6,47.32,,30,39.453,22.4,29.12,,4596,383,,,,,,,,,,,,,,,,,,,,,,
80, 18-04-2020 17:15:12,43,26.367,114.6,400.37,,19,34.18,108.7,39.92,,51,17.578,104.4,47.33,,32,38.086,23,29.12,,4608,384,,,,,,,,,,,,,,,,,,,,,,
80, 18-04-2020 17:15:13,39,36.719,100.7,402.95,,16,46.68,103.8,40.14,,51,17.383,104.7,47.33,,35,29.297,23.3,29.12,,4620,385,,,,,,,,,,,,,,,,,,,,,,
80, 18-04-2020 17:15:14,37,31.055,105.9,405.53,,16,39.063,106.1,40.14,,51,19.531,104.1,47.35,,32,31.055,23.3,29.2,,4632,386,,,,,,,,,,,,,,,,,,,,,,
80, 18-04-2020 17:15:15,44,30.078,111.8,408.24,,18,25.586,113.6,40.14,,48,17.969,100.2,47.32,,26,34.18,22.8,29.2,,4644,387,,,,,,,,,,,,,,,,,,,,,,
80, 18-04-2020 17:15:16,46,25,114.4,408.24,,21,21.094,121.1,40.14,,51,17.188,101.2,47.34,,30,31.25,22.9,29.2,,4656,388,,,,,,,,,,,,,,,,,,,,,,
80, 18-04-2020 17:15:17,43,35.156,108.2,410.82,,15,29.492,111.4,40.14,,51,17.773,103.5,47.34,,30,33.594,22.2,29.2,,4668,389,,,,,,,,,,,,,,,,,,,,,,
80, 18-04-2020 17:15:18,38,32.813,105.3,413.4,,17,36.914,109.9,40.14,,50,17.383,103.3,47.34,,32,31.25,22.9,29.2,,4680,390,,,,,,,,,,,,,,,,,,,,,,
80, 18-04-2020 17:15:19,43,33.398,107,416.11,,17,43.75,103.8,40.14,,47,18.359,103.5,47.32,,32,35.547,23.2,29.2,,4692,391,,,,,,,,,,,,,,,,,,,,,,
80, 18-04-2020 17:15:20,47,39.844,101.5,416.11,,20,37.5,107.6,40.25,,50,17.578,103.3,47.33,,33,21.68,24.6,29.2,,4704,392,,,,,,,,,,,,,,,,,,,,,,
80, 18-04-2020 17:15:21,34,36.328,103.6,418.69,,18,29.102,112.4,40.25,,48,16.602,103.5,47.33,,35,16.992,25.5,29.2,,4716,393,,,,,,,,,,,,,,,,,,,,,,
80, 18-04-2020 17:15:22,40,37.695,100.9,421.41,,18,35.742,107.5,40.25,,47,18.164,100.3,47.36,,36,17.188,25.5,29.2,,4728,394,,,,,,,,,,,,,,,,,,,,,,
80, 18-04-2020 17:15:23,38,38.086,103.6,421.41,,20,25.195,115.4,40.25,,42,18.75,101.4,47.32,,36,17.188,25.6,29.2,,4740,395,,,,,,,,,,,,,,,,,,,,,,
80, 18-04-2020 17:15:24,39,35.938,103.2,423.98,,19,40.234,103.9,40.32,,47,17.188,102.5,47.33,,33,18.359,25,29.2,,4752,396,,,,,,,,,,,,,,,,,,,,,,
80, 18-04-2020 17:15:25,48,21.68,117.5,426.7,,17,42.578,101.9,40.35,,47,18.359,102.2,47.33,,37,19.531,24.6,29.2,,4764,397,,,,,,,,,,,,,,,,,,,,,,
80, 18-04-2020 17:15:26,46,20.313,117.7,429.41,,18,39.844,108,40.35,,47,18.75,101.2,47.38,,27,20.313,24.2,29.2,,4776,398,,,,,,,,,,,,,,,,,,,,,,
80, 18-04-2020 17:15:27,46,24.219,111.7,429.41,,17,38.281,99.9,40.35,,45,17.383,101.4,47.34,,37,25.195,24.1,29.2,,4788,399,,,,,,,,,,,,,,,,,,,,,,
80, 18-04-2020 17:15:28,45,27.344,106.2,432.12,,15,40.43,99.4,40.35,,46,16.797,101.4,47.34,,29,28.711,22.6,29.2,,4800,400,,,,,,,,,,,,,,,,,,,,,,
80, 18-04-2020 17:15:29,39,27.344,110.9,434.83,,18,35.547,106.3,40.35,,48,18.359,101.2,47.34,,38,20.009,24.7,29.22,,4812,401,,,,,,,,,,,,,,,,,,,,,,
80, 18-04-2020 17:15:30,48,24.219,113.4,437.54,,16,38.867,103.7,40.42,,47,17.773,100.3,47.56,,33,17.383,24.8,29.22,,4824,402,,,,,,,,,,,,,,,,,,,,,,
80, 18-04-2020 17:15:31,43,22.656,112.4,437.54,,19,26.367,115.6,40.42,,46,18.359,99.6,47.32,,32,19.531,24.3,29.22,,4836,403,,,,,,,,,,,,,,,,,,,,,,
80, 18-04-2020 17:15:32,44,37.305,104.2,440.24,,20,19.922,115.9,40.45,,47,17.383,100.4,47.36,,32,19.922,24,29.22,,4848,404,,,,,,,,,,,,,,,,,,,,,,
80, 18-04-2020 17:15:33,42,28.125,107.6,443.09,,20,21.68,112.9,40.45,,47,17.188,99.7,47.36,,29,23.242,23.1,29.22,,4860,405,,,,,,,,,,,,,,,,,,,,,,
80, 18-04-2020 17:15:34,40,37.305,100.8,445.8,,17,30.078,106.7,40.45,,47,18.359,99.5,47.68,,33,27.344,23.1,29.22,,4872,406,,,,,,,,,,,,,,,,,,,,,,
80, 18-04-2020 17:15:35,41,32.227,105.7,445.8,,17,48.828,96.1,40.45,,47,16.602,99.8,47.32,,40,21.094,23.7,29.22,,4884,407,,,,,,,,,,,,,,,,,,,,,,
80, 18-04-2020 17:15:36,40,35.156,101.2,448.5,,16,44.727,99.8,40.52,,47,20.898,98.3,47.32,,33,17.773,24.2,29.22,,4896,408,,,,,,,,,,,,,,,,,,,,,,
80, 18-04-2020 17:15:37,37,39.453,98.5,451.34,,16,39.453,97.3,40.52,,47,16.797,99.2,47.32,,38,19.336,24.3,29.22,,4908,409,,,,,,,,,,,,,,,,,,,,,,
80, 18-04-2020 17:15:38,41,34.18,100.9,451.34,,19,42.383,98.7,40.52,,46,16.602,99.2,47.86,,31,22.266,23.9,29.22,,4920,410,,,,,,,,,,,,,,,,,,,,,,
80, 18-04-2020 17:15:39,47,27.344,107.5,454.07,,17,43.555,98.4,40.59,,44,16.211,98.3,47.32,,34,22.656,23.3,29.22,,4932,411,,,,,,,,,,,,,,,,,,,,,,
80, 18-04-2020 17:15:40,41,24.259,107.5,456.9,,17,42.969,97.3,40.59,,46,18.359,98.8,47.34,,37,25.977,22.8,29.22,,4944,412,,,,,,,,,,,,,,,,,,,,,,
80, 18-04-2020 17:15:41,42,24.023,107.4,459.62,,15,45.213,100.4,40.59,,47,16.016,98.8,47.34,,34,28.32,22.6,29.22,,4956,413,,,,,,,,,,,,,,,,,,,,,,
80, 18-04-2020 17:15:42,44,28.125,103.7,459.62,,31,35.742,105.9,40.59,,46,18.164,98.1,47.69,,33,35.156,21.6,29.22,,4968,414,,,,,,,,,,,,,,,,,,,,,,
80, 18-04-2020 17:15:43,43,30.078,102.8,462.46,,35,36.133,105,40.65,,44,17.383,98.5,47.32,,34,23.047,22.9,29.22,,4980,415,,,,,,,,,,,,,,,,,,,,,,
80, 18-04-2020 17:15:44,40,20.508,114.6,465.16,,34,34.375,99.9,40.69,,47,17.188,98,47.32,,36,25,23.3,29.22,,4992,416,,,,,,,,,,,,,,,,,,,,,,
80, 18-04-2020 17:15:45,46,20.703,113.3,477.82,,36,37.695,101.1,40.69,,46,18.555,97.6,47.32,,24,26.758,22.9,29.22,,5004,417,,,,,,,,,,,,,,,,,,,,,,
80, 18-04-2020 17:15:46,39,28.906,105.6,477.82,,32,38.281,98.7,40.69,,47,19.336,97.1,47.39,,32,26.953,21.9,29.22,,5016,418,,,,,,,,,,,,,,,,,,,,,,
80, 18-04-2020 17:15:47,37,40.625,95.5,477.82,,40,29.883,103.9,40.69,,45,17.773,95.4,47.32,,34,28.906,21.5,29.22,,5028,419,,,,,,,,,,,,,,,,,,,,,,
80, 18-04-2020 17:15:48,43,34.961,104.9,477.82,,42,37.109,101.7,40.75,,47,17.773,97.3,47.34,,34,31.25,21.5,29.22,,5040,420,,,,,,,,,,,,,,,,,,,,,,
80, 18-04-2020 17:15:49,42,27.148,105.6,477.82,,43,32.813,102.8,40.75,,48,17.578,97,47.34,,33,32.031,21.9,29.22,,5052,421,,,,,,,,,,,,,,,,,,,,,,
80, 18-04-2020 17:15:54,46,19.336,110.8,477.82,,53,27.93,107.2,40.79,,46,17.578,96.4,47.32,,33,20.313,22.8,29.22,,5064,422,,,,,,,,,,,,,,,,,,,,,,
80, 18-04-2020 17:15:54,47,15.234,116.1,480.65,,47,33.398,99.8,40.79,,44,18.164,95.2,47.32,,33,23.438,22.9,29.22,,5076,423,,,,,,,,,,,,,,,,,,,,,,
80, 18-04-2020 17:15:55,47,16.992,114.6,480.65,,49,29.883,103.5,40.79,,47,17.578,97.2,47.57,,33,23.828,22.7,29.22,,5088,424,,,,,,,,,,,,,,,,,,,,,,
80, 18-04-2020 17:15:56,47,18.359,110.5,483.49,,45,37.891,97.6,40.79,,49,17.969,95.3,47.57,,34,29.102,22.3,29.22,,5100,425,,,,,,,,,,,,,,,,,,,,,,
80, 18-04-2020 17:15:57,46,20.703,110.8,486.45,,46,37.5,99.7,40.87,,46,18.75,96.6,47.32,,35,24.805,22.9,29.22,,5112,426,,,,,,,,,,,,,,,,,,,,,,
80, 18-04-2020 17:15:58,37,23.242,105.1,486.45,,49,35.156,101.3,40.87,,46,18.164,96.2,47.32,,37,14.648,23.9,29.22,,5124,427,,,,,,,,,,,,,,,,,,,,,,
80, 18-04-2020 17:15:59,44,29.688,102.8,489.31,,45,39.258,95.3,40.91,,47,16.211,96,47.82,,32,15.82,23.9,29.22,,5136,428,,,,,,,,,,,,,,,,,,,,,,
80, 18-04-2020 17:16:00,46,33.008,101.4,492.15,,45,41.016,97.6,40.91,,46,18.164,94.9,47.82,,34,14.648,24.1,29.22,,5148,429,,,,,,,,,,,,,,,,,,,,,,
80, 18-04-2020 17:16:01,44,30.859,102.2,495.11,,47,41.797,95,40.91,,43,16.406,95.1,47.33,,31,17.578,23.5,29.22,,5160,430,,,,,,,,,,,,,,,,,,,,,,
80, 18-04-2020 17:16:02,44,22.656,107.6,497.95,,52,42.578,94.8,40.91,,43,17.578,95.3,47.34,,33,16.797,23.5,29.22,,5172,431,,,,,,,,,,,,,,,,,,,,,,
80, 18-04-2020 17:16:03,43,22.461,105.2,500.92,,56,36.328,101.5,40.91,,45,17.383,95.2,47.47,,34,14.839,23.8,29.22,,5184,432,,,,,,,,,,,,,,,,,,,,,,
80, 18-04-2020 17:16:04,45,18.945,108.9,503.89,,46,41.211,92.3,40.97,,45,16.211,94.6,47.47,,37,16.016,23.8,29.22,,5196,433,,,,,,,,,,,,,,,,,,,,,,
80, 18-04-2020 17:16:05,43,19.727,108.5,503.89,,49,43.164,94.4,41.01,,43,16.797,89.4,47.32,,33,14.453,23.7,29.22,,5208,434,,,,,,,,,,,,,,,,,,,,,,
80, 18-04-2020 17:16:06,38,33.594,98.5,506.86,,40,43.75,94.1,41.01,,44,16.211,93.6,47.32,,34,16.406,23.4,29.22,,5220,435,,,,,,,,,,,,,,,,,,,,,,
80, 18-04-2020 17:16:07,40,32.031,98.6,509.83,,45,41.992,94,41.01,,47,16.797,94.4,47.32,,32,16.406,23.1,29.22,,5232,436,,,,,,,,,,,,,,,,,,,,,,
80, 18-04-2020 17:16:08,42,27.734,101.9,512.93,,50,45.117,94.6,41.01,,47,16.602,94.3,47.32,,35,14.844,23.6,29.22,,5244,437,,,,,,,,,,,,,,,,,,,,,,
80, 18-04-2020 17:16:09,40,28.32,100.2,512.93,,47,47.852,95.8,41.07,,46,17.969,93.4,47.34,,34,25.781,22.2,29.22,,5256,438,,,,,,,,,,,,,,,,,,,,,,
80, 18-04-2020 17:16:10,40,31.445,98.4,515.89,,46,45.313,97.2,41.07,,44,16.797,93.4,47.53,,31,20.703,22.1,29.22,,5268,439,,,,,,,,,,,,,,,,,,,,,,
80, 18-04-2020 17:16:11,39,39.844,73.7,518.86,,45,53.711,87.7,41.07,,46,16.797,93.2,47.34,,36,17.188,23.4,29.22,,5280,440,,,,,,,,,,,,,,,,,,,,,,
80, 18-04-2020 17:16:12,42,22.461,105.6,518.86,,50,43.75,92.6,41.11,,47,17.773,93.3,47.34,,37,15.625,23.3,29.32,,5292,441,,,,,,,,,,,,,,,,,,,,,,
80, 18-04-2020 17:16:13,41,22.07,103.7,521.83,,44,54.688,83.9,41.11,,47,18.555,91.4,47.42,,33,16.016,22.6,29.32,,5304,442,,,,,,,,,,,,,,,,,,,,,,
80, 18-04-2020 17:16:14,41,24.609,100.1,524.93,,43,41.797,94,41.11,,45,18.164,90,47.74,,39,19.922,21.9,29.32,,5316,443,,,,,,,,,,,,,,,,,,,,,,
80, 18-04-2020 17:16:15,42,28.941,99.7,527.89,,47,45.703,89.4,41.18,,48,17.188,92.4,47.36,,36,22.266,22.6,29.32,,5328,444,,,,,,,,,,,,,,,,,,,,,,
80, 18-04-2020 17:16:16,41,17.188,107.2,527.89,,44,50.195,89.4,41.18,,48,16.602,90.3,47.36,,35,19.531,22.4,29.32,,5340,445,,,,,,,,,,,,,,,,,,,,,,
80, 18-04-2020 17:16:17,43,22.656,102.9,530.86,,53,41.992,96.1,41.18,,48,18.164,91.8,47.36,,28,27.734,21.3,29.32,,5352,446,,,,,,,,,,,,,,,,,,,,,,
80, 18-04-2020 17:16:18,39,24.023,101.3,533.96,,53,27.93,105.7,41.18,,48,17.188,90.2,47.65,,27,23.242,21.8,29.32,,5364,447,,,,,,,,,,,,,,,,,,,,,,
80, 18-04-2020 17:16:19,42,26.758,99.9,536.93,,54,23.242,108.6,41.21,,48,18.359,91.8,47.36,,34,25.391,21.7,29.32,,5376,448,,,,,,,,,,,,,,,,,,,,,,
80, 18-04-2020 17:16:20,41,25.977,100.6,536.93,,50,26.361,103.2,41.21,,48,16.992,92.5,47.36,,39,18.945,22.1,29.32,,5388,449,,,,,,,,,,,,,,,,,,,,,,
80, 18-04-2020 17:16:21,37,28.32,97.4,540.02,,51,32.031,98,41.28,,48,17.969,92.3,47.32,,37,16.406,22.8,29.32,,5400,450,,,,,,,,,,,,,,,,,,,,,,
80, 18-04-2020 17:16:22,43,29.102,98.6,543.12,,53,23.438,105.9,41.28,,47,19.141,91.8,47.35,,31,15.82,23.1,29.32,,5412,451,,,,,,,,,,,,,,,,,,,,,,
80, 18-04-2020 17:16:23,44,21.68,104.7,543.12,,50,23.438,105.3,41.28,,48,18.555,91.9,47.32,,34,15.82,22.9,29.32,,5424,452,,,,,,,,,,,,,,,,,,,,,,
80, 18-04-2020 17:16:24,36,33.789,95.2,546.08,,54,24.023,106.1,41.31,,48,17.188,91.5,47.32,,32,16.406,22.4,29.32,,5436,453,,,,,,,,,,,,,,,,,,,,,,
80, 18-04-2020 17:16:25,39,27.93,97.6,549.19,,54,22.852,105.8,41.31,,48,19.531,90.3,47.84,,35,16.406,22.4,29.32,,5448,454,,,,,,,,,,,,,,,,,,,,,,
80, 18-04-2020 17:16:26,42,26.367,100.8,552.28,,52,25.195,103.9,41.31,,48,19.141,92,47.36,,31,15.625,22.1,29.32,,5460,455,,,,,,,,,,,,,,,,,,,,,,
80, 18-04-2020 17:16:27,40,27.148,99.5,552.28,,49,29.492,103.1,41.38,,47,16.602,91.5,47.34,,38,16.016,22.4,29.32,,5472,456,,,,,,,,,,,,,,,,,,,,,,
80, 18-04-2020 17:16:28,38,31.055,96.6,555.38,,45,34.18,93.6,41.38,,45,17.188,91.6,47.34,,33,17.773,22,29.32,,5484,457,,,,,,,,,,,,,,,,,,,,,,
80, 18-04-2020 17:16:29,42,30.078,95.6,558.47,,47,44.922,92.1,41.38,,46,17.383,90.7,47.32,,35,21.68,21.3,29.32,,5496,458,,,,,,,,,,,,,,,,,,,,,,
80, 18-04-2020 17:16:30,34,32.031,92.8,561.57,,43,38.867,92.4,41.54,,44,16.992,90.2,47.32,,39,16.211,22.4,29.32,,5508,459,,,,,,,,,,,,,,,,,,,,,,
80, 18-04-2020 17:16:31,42,25.977,99.6,561.57,,46,40.43,90.7,41.54,,37,28.906,79.9,47.35,,36,14.844,22.2,29.32,,5520,460,,,,,,,,,,,,,,,,,,,,,,
80, 18-04-2020 17:16:32,38,25.391,99.1,564.67,,47,40.039,87.9,41.54,,31,36.133,77.2,47.35,,29,15.039,22.6,29.32,,5532,461,,,,,,,,,,,,,,,,,,,,,,
80, 18-04-2020 17:16:33,37,39.453,91,567.76,,50,35.938,92.7,41.54,,43,27.148,80.3,47.81,,39,16.211,22.4,29.32,,5544,462,,,,,,,,,,,,,,,,,,,,,,
80, 18-04-2020 17:16:34,39,38.867,89.4,570.98,,48,28.711,97.7,41.61,,43,23.828,82.7,47.33,,28,21.994,20.2,29.32,,5556,463,,,,,,,,,,,,,,,,,,,,,,
80, 18-04-2020 17:16:35,36,40.039,90.2,570.98,,45,36.133,95.5,41.61,,42,19.727,82.8,47.33,,35,18.164,20.4,29.32,,5568,464,,,,,,,,,,,,,,,,,,,,,,
80, 18-04-2020 17:16:36,37,37.109,91.7,574.08,,43,44.141,91.9,41.64,,43,22.266,84.9,47.35,,39,17.383,22.3,29.32,,5580,465,,,,,,,,,,,,,,,,,,,,,,
80, 18-04-2020 17:16:37,42,40.599,88.6,577.17,,42,39.258,91,41.64,,42,20.898,84.2,47.59,,32,15.43,22.1,29.32,,5592,466,,,,,,,,,,,,,,,,,,,,,,
80, 18-04-2020 17:16:38,40,34.961,90.7,577.17,,52,35.547,95,41.7,,43,21.484,84.5,47.35,,29,16.797,21.4,29.32,,5604,467,,,,,,,,,,,,,,,,,,,,,,
80, 18-04-2020 17:16:39,37,41.797,87.2,580.41,,43,47.852,87,41.77,,41,28.516,80.3,47.35,,28,23.633,20.5,29.32,,5616,468,,,,,,,,,,,,,,,,,,,,,,
80, 18-04-2020 17:16:40,35,39.453,85.3,583.76,,48,41.406,92.7,41.77,,44,25.391,83,47.39,,29,21.875,21.1,29.32,,5628,469,,,,,,,,,,,,,,,,,,,,,,
80, 18-04-2020 17:16:41,38,40.234,86.6,587.11,,45,46.289,91.4,41.77,,34,27.148,80.5,47.36,,32,25.195,20.4,29.32,,5640,470,,,,,,,,,,,,,,,,,,,,,,
80, 18-04-2020 17:16:42,20,45.703,65.8,587.11,,44,48.242,88.1,41.8,,44,27.344,82.5,47.36,,38,28.125,20.1,29.32,,5652,471,,,,,,,,,,,,,,,,,,,,,,
80, 18-04-2020 17:16:43,18,47.266,44.3,590.33,,41,53.711,85.8,41.8,,44,21.875,84.7,47.36,,28,25.781,20.4,29.32,,5664,472,,,,,,,,,,,,,,,,,,,,,,
80, 18-04-2020 17:16:44,17,75.586,42.9,593.57,,42,49.805,84.9,41.8,,43,21.875,84.8,47.36,,30,39.258,18.4,29.32,,5676,473,,,,,,,,,,,,,,,,,,,,,,
80, 18-04-2020 17:16:45,33,60.156,57.7,593.57,,41,57.422,81.8,41.87,,43,23.438,85.2,47.39,,29,25,19.9,29.32,,5688,474,,,,,,,,,,,,,,,,,,,,,,
80, 18-04-2020 17:16:46,40,32.813,91,596.8,,41,49.219,85.5,41.87,,43,20.313,84.9,47.34,,34,28.125,19.8,29.32,,5700,475,,,,,,,,,,,,,,,,,,,,,,
80, 18-04-2020 17:16:47,43,35.352,89.5,600.03,,42,41.211,91.7,41.87,,42,24.805,83.1,47.34,,28,31.25,19.5,29.32,,5712,476,,,,,,,,,,,,,,,,,,,,,,
80, 18-04-2020 17:16:48,34,40.82,82.9,603.26,,43,46.094,89.8,41.87,,44,27.734,82.3,47.36,,26,22.266,19.5,29.32,,5724,477,,,,,,,,,,,,,,,,,,,,,,
80, 18-04-2020 17:16:49,33,45.117,82.6,603.26,,50,38.672,91.9,41.91,,33,33.398,75.9,47.33,,32,27.344,19.2,29.32,,5736,478,,,,,,,,,,,,,,,,,,,,,,
80, 18-04-2020 17:16:50,40,24.609,93.9,606.48,,49,23.828,98.8,41.97,,42,31.055,80.7,47.61,,29,28.68,19.9,29.32,,5748,479,,,,,,,,,,,,,,,,,,,,,,
80, 18-04-2020 17:16:51,40,32.617,87.7,609.71,,51,31.371,97.4,41.97,,43,27.93,82.7,47.61,,30,26.172,20.1,29.32,,5760,480,,,,,,,,,,,,,,,,,,,,,,
80, 18-04-2020 17:16:52,32,41.797,85.4,612.94,,50,27.734,95.8,41.97,,40,26.172,80.3,47.32,,29,33.398,18.9,29.32,,5772,481,,,,,,,,,,,,,,,,,,,,,,
80, 18-04-2020 17:16:53,35,38.281,85.9,612.94,,45,41.406,88.7,41.97,,42,26.172,81.6,35.32,,36,26.367,19.8,29.32,,5784,482,,,,,,,,,,,,,,,,,,,,,,
80, 18-04-2020 17:16:54,35,43.945,83.9,616.17,,43,38.672,91,41.97,,42,25.391,80.7,35.71,,36,19.727,20.8,29.32,,5796,483,,,,,,,,,,,,,,,,,,,,,,
80, 18-04-2020 17:16:55,36,51.953,81.9,619.53,,43,51.563,84.2,41.97,,43,20.703,80.9,35.71,,32,18.164,20.4,29.32,,5808,484,,,,,,,,,,,,,,,,,,,,,,
80, 18-04-2020 17:16:56,32,58.594,70.7,619.53,,43,48.242,83.1,42.07,,40,23.828,78.9,35.43,,34,22.461,20.1,29.32,,5820,485,,,,,,,,,,,,,,,,,,,,,,
80, 18-04-2020 17:16:57,37,40.625,84.9,622.75,,44,50.391,81.3,42.07,,43,19.531,81.7,35.42,,29,19.727,20.2,29.32,,5832,486,,,,,,,,,,,,,,,,,,,,,,
80, 18-04-2020 17:16:58,40,33.203,89.6,626.11,,44,40.82,86.7,42.07,,42,19.922,81.3,35.85,,29,23.242,19.5,29.32,,5844,487,,,,,,,,,,,,,,,,,,,,,,
80, 18-04-2020 17:16:59,39,37.5,84.7,629.46,,42,46.484,84.5,42.07,,43,21.68,81.3,35.85,,27,26.172,19.2,29.32,,5856,488,,,,,,,,,,,,,,,,,,,,,,
80, 18-04-2020 17:17:00,32,37.891,82.3,629.46,,51,50.391,83.1,42.07,,40,20.898,81.4,35.41,,30,32.617,18.1,29.32,,5868,489,,,,,,,,,,,,,,,,,,,,,,
80, 18-04-2020 17:17:01,40,28.516,91.9,632.82,,44,46.484,85.7,42.11,,42,17.773,82.3,35.41,,26,30.469,17.9,29.32,,5880,490,,,,,,,,,,,,,,,,,,,,,,
80, 18-04-2020 17:17:02,34,30.273,87.3,636.04,,46,30.859,95.9,42.18,,42,23.828,79.3,35.41,,36,16.211,21.1,29.32,,5892,491,,,,,,,,,,,,,,,,,,,,,,
80, 18-04-2020 17:17:03,36,33.398,86.8,639.39,,49,24.023,98.1,42.18,,41,21.094,78.1,35.65,,33,18.164,20.3,29.32,,5904,492,,,,,,,,,,,,,,,,,,,,,,
80, 18-04-2020 17:17:04,35,30.273,87.8,639.39,,51,25.781,98.4,42.18,,42,22.266,81.1,35.43,,32,17.578,20.7,29.32,,5916,493,,,,,,,,,,,,,,,,,,,,,,
80, 18-04-2020 17:17:05,41,30.078,90.9,642.75,,44,31.641,93.1,42.18,,42,20.898,80.6,35.42,,30,21.68,19.6,29.32,,5928,494,,,,,,,,,,,,,,,,,,,,,,
80, 18-04-2020 17:17:06,36,33.203,85.9,645.53,,41,45.703,86.8,42.18,,42,23.047,81.1,35.42,,33,22.987,19.1,29.32,,5940,495,,,,,,,,,,,,,,,,,,,,,,
,,,,,,,48,28.32,98.2,42.18,,41,23.242,79,35.64,,35,22.461,19.5,29.32,,,,,,,,,,,,,,,,,,,,,,,,,
,,,,,,,51,29.297,92.6,42.28,,40,23.438,79.1,35.41,,24,24.609,18.3,29.32,,,,,,,,,,,,,,,,,,,,,,,,,
,,,,,,,46,31.522,93.3,42.28,,37,33.203,74.1,35.41,,35,29.883,18.4,29.32,,,,,,,,,,,,,,,,,,,,,,,,,
,,,,,,,43,37.305,88.5,42.28,,36,32.031,75.7,35.41,,35,23.242,19.6,29.32,,,,,,,,,,,,,,,,,,,,,,,,,
,,,,,,,0,27.539,N/A                 ,,,42,24.219,76.4,35.77,,29,43.359,16.7,29.32,,,,,,,,,,,,,,,,,,,,,,,,,
,,,,,,,0,13.086,N/A                 ,,,0,16.797,N/A                 ,,,,,,,,,,,,,,,,,,,,,,,,,,,,,,,
,,,,,,,0,12.533,N/A                 ,,,0,13.281,N/A                 ,,,,,,,,,,,,,,,,,,,,,,,,,,,,,,,
,,,,,,,0,23.808,N/A                 ,,,0,9.697,N/A                 ,,,,,,,,,,,,,,,,,,,,,,,,,,,,,,,
,,,,,,,0,22.07,N/A                 ,,,0,10.772,N/A                 ,,,,,,,,,,,,,,,,,,,,,,,,,,,,,,,
,,,,,,,0,20.364,N/A                 ,,,0,8.008,N/A                 ,,,,,,,,,,,,,,,,,,,,,,,,,,,,,,,
,,,,,,,0,19.91,N/A                 ,,,,,,,,,,,,,,,,,,,,,,,,,,,,,,,,,,,,
,,,,,,,0,32.227,N/A                 ,,,,,,,,,,,,,,,,,,,,,,,,,,,,,,,,,,,,
,,,,,,,0,21.161,N/A                 ,,,,,,,,,,,,,,,,,,,,,,,,,,,,,,,,,,,,
,,,,,,,0,11.868,N/A                 ,,,,,,,,,,,,,,,,,,,,,,,,,,,,,,,,,,,,
,,,,,,,0,29.297,N/A                 ,,,,,,,,,,,,,,,,,,,,,,,,,,,,,,,,,,,,
,,,,,,,0,17.74,N/A                 ,,,,,,,,,,,,,,,,,,,,,,,,,,,,,,,,,,,,
,,,,,,,0,18.975,N/A                 ,,,,,,,,,,,,,,,,,,,,,,,,,,,,,,,,,,,,
,,,,,,,0,25.391,N/A                 ,,,,,,,,,,,,,,,,,,,,,,,,,,,,,,,,,,,,
,,,,,,,0,20.863,N/A                 ,,,,,,,,,,,,,,,,,,,,,,,,,,,,,,,,,,,,
,,,,,,,0,20.112,N/A                 ,,,,,,,,,,,,,,,,,,,,,,,,,,,,,,,,,,,,
,,,,,,,0,22.07,N/A                 ,,,,,,,,,,,,,,,,,,,,,,,,,,,,,,,,,,,,
,,,,,,,0,30.086,N/A                 ,,,,,,,,,,,,,,,,,,,,,,,,,,,,,,,,,,,,
,,,,,,,0,20.69,N/A                 ,,,,,,,,,,,,,,,,,,,,,,,,,,,,,,,,,,,,
,,,,,,,0,16.797,N/A                 ,,,,,,,,,,,,,,,,,,,,,,,,,,,,,,,,,,,,
