0, 18-04-2020 18:19:43, Hardware monitoring log v1.5 ,,,,,,,,,,,,,,,,,,,,,,,,
1, 18-04-2020 18:19:43, GeForce GTX 960M,Intel(R) HD Graphics 530,,,,,,,,,,,,,,,,,,,,,,,
2, 18-04-2020 18:19:43, GPU1 temperature    ,GPU1 usage          ,GPU1 memory usage   ,GPU1 core clock     ,GPU1 memory clock   ,CPU temperature     ,CPU usage           ,CPU clock           ,RAM usage           ,Framerate           ,Frametime           ,,,,,,,,,,,,,,
3, 18-04-2020 18:19:43,0,°C                  ,0,100,10,                    ,                    ,,,,,,,,,,,,,,,,,,
3, 18-04-2020 18:19:44,1,%                   ,0,100,10,                    ,                    ,,,,,,,,,,,,,,,,,,
3, 18-04-2020 18:19:44,2,MB                  ,0,8192,10,                    ,                    ,,,,,,,,,,,,,,,,,,
3, 18-04-2020 18:19:44,3,MHz                 ,0,2500,10,                    ,                    ,,,,,,,,,,,,,,,,,,
3, 18-04-2020 18:19:44,4,MHz                 ,0,7500,10,                    ,                    ,,,,,,,,,,,,,,,,,,
3, 18-04-2020 18:19:44,5,°C                  ,0,100,10,                    ,                    ,,,,,,,,,,,,,,,,,,
3, 18-04-2020 18:19:44,6,%                   ,0,100,10,                    ,                    ,,,,,,,,,,,,,,,,,,
3, 18-04-2020 18:19:44,7,MHz                 ,0,5000,10,                    ,                    ,,,,,,,,,,,,,,,,,,
3, 18-04-2020 18:19:44,8,MB                  ,0,16384,10,                    ,                    ,,,,,,,,,,,,,,,,,,
3, 18-04-2020 18:19:44,9,FPS                 ,0,200,10,                    ,                    ,,,,,,,,,,,,,,,,,,
3, 18-04-2020 18:19:44,10,ms                  ,0,50,10,                    ,                    ,,,,,,,,,,,,,,,,,,
80, 18-04-2020 18:19:45,0,0,37.938,405,405,42,6.078,897.23,3304,N/A                 ,0,,,,,,,,,,,,,,
80, 18-04-2020 18:19:45,40,0,37.938,135,405,57,16.382,797.537,3347,391.2,0,,10.97,,12,1,,,,,,,,,
80, 18-04-2020 18:19:46,41,26,59.07,1097.138,2505.6,47,33.008,3090.456,3391,391.2,149.185,,45.38,,24,2,,,,,,,,,
80, 18-04-2020 18:19:47,41,27,59.07,1097.138,2505.6,48,21.289,3190.143,3406,515.7,4.96,,45.38,,36,3,,,,,,,,,
80, 18-04-2020 18:19:48,41,36,59.07,888.31,800,47,21.094,3190.143,3408,501.5,4.708,,45.58,,48,4,,,,,,,,,
80, 18-04-2020 18:19:49,41,36,59.07,888.31,800,47,20.703,3190.154,3409,463.4,5.221,,45.8,,60,5,,,,,,,,,
80, 18-04-2020 18:19:50,40,37,59.07,888.31,800,48,21.289,3190.154,3411,464,5.437,,46.12,,72,6,,,,,,,,,
80, 18-04-2020 18:19:51,41,37,59.07,888.31,800,48,23.828,3190.148,3402,460.2,5.079,,46.12,,84,7,,,,,,,,,
80, 18-04-2020 18:19:52,40,0,59.07,135,405,44,17.53,3190.146,3398,450.2,5.571,,43.79,,96,8,,,,,,,,,
80, 18-04-2020 18:19:53,40,0,59.07,135,405,44,7.813,2093.534,3404,450.2,0,,43.84,,108,9,,,,,,,,,
80, 18-04-2020 18:19:54,41,28,59.07,1097.138,2505.6,48,20.406,797.537,3401,141.9,1659.219,,43.84,,120,10,,,,,,,,,
80, 18-04-2020 18:19:55,42,28,59.07,1097.138,2505.6,49,22.656,3190.149,3389,515.9,4.721,,44.46,,132,11,,,,,,,,,
80, 18-04-2020 18:19:56,42,30,59.07,1097.138,2505.6,52,19.727,3190.149,3381,522.1,4.328,,44.59,,144,12,,,,,,,,,
80, 18-04-2020 18:19:57,42,29,59.07,1097.138,2505.6,51,25.586,3190.146,3393,509.2,4.187,,44.61,,156,13,,,,,,,,,
80, 18-04-2020 18:19:58,42,29,59.07,1097.138,2505.6,52,23.242,3190.146,3406,517.4,4.723,,44.61,,168,14,,,,,,,,,
80, 18-04-2020 18:19:59,42,29,59.07,1097.138,2505.6,51,26.172,3090.457,3404,504.6,5.134,,44.64,,180,15,,,,,,,,,
80, 18-04-2020 18:20:00,42,29,59.07,1097.138,2505.6,53,24.451,3090.457,3402,511,4.792,,44.89,,192,16,,,,,,,,,
80, 18-04-2020 18:20:01,42,32,59.07,1097.138,2505.6,52,22.59,3190.146,3400,520.5,4.303,,45.07,,204,17,,,,,,,,,
80, 18-04-2020 18:20:02,42,32,59.07,1097.138,2505.6,51,23.438,3090.454,3398,499.4,4.334,,45.07,,216,18,,,,,,,,,
80, 18-04-2020 18:20:03,42,32,59.07,1097.138,2505.6,54,23.828,3190.149,3398,494.1,3.701,,45.08,,228,19,,,,,,,,,
80, 18-04-2020 18:20:04,42,31,59.07,1097.138,2505.6,53,23.242,3190.149,3396,507.2,4.383,,45.09,,240,20,,,,,,,,,
80, 18-04-2020 18:20:05,42,31,59.07,1097.138,2505.6,56,24.023,3190.145,3402,471.5,4.375,,45.09,,252,21,,,,,,,,,
80, 18-04-2020 18:20:06,43,33,59.07,1097.138,2505.6,57,24.414,3190.145,3404,491.8,3.716,,45.15,,264,22,,,,,,,,,
80, 18-04-2020 18:20:07,43,32,59.07,1097.138,2505.6,55,21.484,3190.15,3399,490.3,3.848,,45.17,,276,23,,,,,,,,,
80, 18-04-2020 18:20:08,43,32,59.07,1097.138,2505.6,57,24.219,3090.46,3398,493.6,3.584,,45.18,,288,24,,,,,,,,,
80, 18-04-2020 18:20:09,43,31,59.07,1097.138,2505.6,57,24.023,3090.456,3390,480.9,4.072,,45.18,,300,25,,,,,,,,,
80, 18-04-2020 18:20:10,43,32,59.07,1097.138,2505.6,58,26.758,3190.148,3388,471.6,4.56,,45.25,,312,26,,,,,,,,,
80, 18-04-2020 18:20:11,43,32,59.07,1097.138,2505.6,58,27.539,3190.146,3395,473.5,5.141,,45.26,,324,27,,,,,,,,,
80, 18-04-2020 18:20:12,43,33,59.07,1097.138,2505.6,59,22.852,3190.151,3397,480.8,4.908,,45.26,,336,28,,,,,,,,,
80, 18-04-2020 18:20:13,43,31,59.07,1097.138,2505.6,58,22.461,3190.151,3398,461.6,4.674,,45.26,,348,29,,,,,,,,,
80, 18-04-2020 18:20:14,44,31,59.07,1097.138,2505.6,53,23.047,3190.149,3399,460.5,4.466,,45.26,,360,30,,,,,,,,,
80, 18-04-2020 18:20:15,44,32,59.07,1097.138,2505.6,59,21.289,3090.457,3406,471.5,4.146,,45.52,,372,31,,,,,,,,,
80, 18-04-2020 18:20:16,44,33,59.07,1097.138,2505.6,60,27.148,3190.149,3401,462.2,4.676,,45.52,,384,32,,,,,,,,,
80, 18-04-2020 18:20:17,44,32,59.07,1097.138,2505.6,58,22.852,3190.149,3413,463.7,4.327,,45.29,,396,33,,,,,,,,,
80, 18-04-2020 18:20:18,44,32,59.07,1097.138,2505.6,59,22.461,3090.456,3410,466.5,4.201,,45.38,,408,34,,,,,,,,,
80, 18-04-2020 18:20:19,44,32,59.07,1097.138,2505.6,55,21.484,3190.149,3406,467.8,4.108,,45.38,,420,35,,,,,,,,,
80, 18-04-2020 18:20:20,44,31,59.07,1097.138,2505.6,59,23.047,3090.457,3403,456.2,5.056,,45.36,,432,36,,,,,,,,,
80, 18-04-2020 18:20:21,44,30,59.07,1097.138,2505.6,60,21.484,3190.148,3400,471.9,4.581,,45.29,,444,37,,,gpu,,cpu,,ram,,fps
80, 18-04-2020 18:20:22,44,33,59.07,1097.138,2505.6,60,22.266,3190.148,3406,463.1,4.367,,45.29,,456,38,,,36.556,,19.462984,,46.476,,196.0948
80, 18-04-2020 18:20:23,44,31,59.07,1097.138,2505.6,60,23.047,3190.148,3399,453.9,4.404,,45.29,,468,39,,,,,,,,,
80, 18-04-2020 18:20:24,45,32,59.07,1097.138,2505.6,56,21.68,3190.151,3411,454.2,4.669,,45.37,,480,40,,,,,,,,,
80, 18-04-2020 18:20:25,44,31,59.07,1097.138,2505.6,60,21.289,3289.836,3410,451.7,4.012,,45.73,,492,41,,,,,,,,,
80, 18-04-2020 18:20:26,45,31,59.07,1097.138,2505.6,61,19.141,3190.15,3409,461.5,4.538,,45.3,,504,42,,,,,,,,,
80, 18-04-2020 18:20:27,45,32,59.07,1097.138,2505.6,61,22.266,3190.15,3409,438.2,4.973,,45.3,,516,43,,,,,,,,,
80, 18-04-2020 18:20:28,45,32,59.07,1097.138,2505.6,58,19.531,3190.149,3408,441.9,4.205,,45.3,,528,44,,,,,,,,,
80, 18-04-2020 18:20:29,45,31,59.07,1097.138,2505.6,61,21.68,3190.149,3405,443.1,5.064,,45.48,,540,45,,,,,,,,,
80, 18-04-2020 18:20:30,45,31,59.07,1097.138,2505.6,62,21.289,3190.148,3404,443.7,4.281,,45.48,,552,46,,,,,,,,,
80, 18-04-2020 18:20:31,45,28,59.07,1097.138,2505.6,60,28.125,3190.148,3400,413.5,4.522,,45.29,,564,47,,,,,,,,,
80, 18-04-2020 18:20:32,45,31,59.07,1097.138,2505.6,62,26.953,3190.149,3394,409.7,4.607,,45.32,,576,48,,,,,,,,,
80, 18-04-2020 18:20:33,45,28,59.07,1097.138,2505.6,59,19.336,3190.149,3396,433.8,5.721,,45.59,,588,49,,,,,,,,,
80, 18-04-2020 18:20:34,45,31,59.07,1097.138,2505.6,62,20.313,3190.146,3398,441.4,4.082,,45.59,,600,50,,,,,,,,,
80, 18-04-2020 18:20:35,45,31,59.07,1097.138,2505.6,62,21.094,3190.146,3400,425.8,5.333,,45.31,,612,51,,,,,,,,,
80, 18-04-2020 18:20:36,45,30,59.07,1097.138,2505.6,63,18.359,3190.15,3400,436,4.545,,45.32,,624,52,,,,,,,,,
80, 18-04-2020 18:20:37,45,40,59.07,888.31,800,61,18.359,3190.149,3404,430.5,4.456,,45.33,,636,53,,,,,,,,,
80, 18-04-2020 18:20:38,45,41,59.07,888.31,800,62,21.68,3190.149,3406,408,4.132,,45.33,,648,54,,,,,,,,,
80, 18-04-2020 18:20:39,45,38,59.07,888.31,800,62,20.508,3190.149,3406,411.9,4.54,,45.46,,660,55,,,,,,,,,
80, 18-04-2020 18:20:40,45,36,59.07,888.31,800,56,20.117,3190.149,3406,413.7,5.252,,45.34,,672,56,,,,,,,,,
80, 18-04-2020 18:20:41,45,38,59.07,888.31,800,61,19.922,3190.148,3406,406.7,4.377,,45.38,,684,57,,,,,,,,,
80, 18-04-2020 18:20:42,45,39,59.07,888.31,800,62,19.922,3190.149,3402,404.9,5.678,,45.38,,696,58,,,,,,,,,
80, 18-04-2020 18:20:43,45,39,59.07,888.31,800,62,20.898,3190.149,3403,401.4,4.885,,45.32,,708,59,,,,,,,,,
80, 18-04-2020 18:20:44,45,38,59.07,888.31,800,62,18.945,3190.149,3403,409.9,3.956,,45.85,,720,60,,,,,,,,,
80, 18-04-2020 18:20:45,45,38,59.07,888.31,800,63,23.633,3190.087,3406,386.6,6.634,,45.85,,732,61,,,,,,,,,
80, 18-04-2020 18:20:46,45,38,59.07,888.31,800,62,22.656,3190.087,3406,387.2,4.438,,45.28,,744,62,,,,,,,,,
80, 18-04-2020 18:20:47,45,37,59.07,888.31,800,63,19.727,3190.18,3406,390.5,5.349,,45.31,,756,63,,,,,,,,,
80, 18-04-2020 18:20:48,45,38,59.07,888.31,800,63,20.703,3190.18,3406,394.6,5.012,,45.28,,768,64,,,,,,,,,
80, 18-04-2020 18:20:49,45,36,59.07,888.31,800,63,20.508,3190.148,3403,388.2,4.573,,45.28,,780,65,,,,,,,,,
80, 18-04-2020 18:20:50,45,37,59.07,888.31,800,64,20.703,3190.148,3405,374,4.457,,45.28,,792,66,,,,,,,,,
80, 18-04-2020 18:20:51,45,38,59.07,888.31,800,64,20.117,3190.15,3405,371.7,5.989,,45.45,,804,67,,,,,,,,,
80, 18-04-2020 18:20:52,45,35,59.07,888.31,800,62,19.922,3190.15,3406,374.8,4.654,,45.44,,816,68,,,,,,,,,
80, 18-04-2020 18:20:53,45,38,59.07,888.31,800,62,20.313,3190.149,3407,372.7,4.837,,45.44,,828,69,,,,,,,,,
80, 18-04-2020 18:20:54,45,37,59.07,888.31,800,63,21.484,3190.149,3408,368,5.186,,45.3,,840,70,,,,,,,,,
80, 18-04-2020 18:20:55,45,38,59.07,888.31,800,64,20.508,3190.148,3408,370.5,4.651,,45.3,,852,71,,,,,,,,,
80, 18-04-2020 18:20:56,45,37,59.07,888.31,800,61,19.727,3190.144,3409,361.2,5.923,,45.28,,864,72,,,,,,,,,
80, 18-04-2020 18:20:57,45,36,59.07,888.31,800,63,20.898,3190.154,3410,358.9,5.303,,45.28,,876,73,,,,,,,,,
80, 18-04-2020 18:20:58,45,35,59.07,888.31,800,62,21.094,3190.146,3411,358.2,6.129,,45.29,,888,74,,,,,,,,,
80, 18-04-2020 18:20:59,45,36,59.07,888.31,800,60,20.898,3190.146,3411,366.9,4.473,,45.28,,900,75,,,,,,,,,
80, 18-04-2020 18:21:00,45,36,59.07,888.31,800,62,18.164,3190.149,3412,359.6,5.782,,45.27,,912,76,,,,,,,,,
80, 18-04-2020 18:21:01,45,35,59.07,888.31,800,63,20.898,3190.149,3406,349.5,6.572,,45.27,,924,77,,,,,,,,,
80, 18-04-2020 18:21:02,45,32,59.07,888.31,800,64,19.922,3190.149,3405,357.7,4.852,,45.66,,936,78,,,,,,,,,
80, 18-04-2020 18:21:03,45,35,59.07,888.31,800,63,20.117,3190.148,3407,348.2,5.739,,45.57,,948,79,,,,,,,,,
80, 18-04-2020 18:21:04,45,34,59.07,888.31,800,64,19.922,3289.84,3407,349.8,5.485,,45.57,,960,80,,,,,,,,,
80, 18-04-2020 18:21:05,45,33,59.07,888.31,800,63,21.484,3190.148,3409,340.5,5.146,,45.3,,972,81,,,,,,,,,
80, 18-04-2020 18:21:06,45,29,59.07,888.31,800,63,19.922,3190.148,3409,344.4,5.523,,45.32,,984,82,,,,,,,,,
80, 18-04-2020 18:21:07,45,33,59.07,888.31,800,64,19.922,3190.149,3411,339.1,5.49,,45.28,,996,83,,,,,,,,,
80, 18-04-2020 18:21:08,45,33,59.07,888.31,800,63,18.164,3190.148,3406,337.7,4.584,,45.28,,1008,84,,,,,,,,,
80, 18-04-2020 18:21:09,45,32,59.07,888.31,800,64,21.289,3090.458,3408,331.9,5.175,,45.32,,1020,85,,,,,,,,,
80, 18-04-2020 18:21:10,45,31,59.07,888.31,800,64,19.922,3190.15,3408,334.1,7.005,,45.27,,1032,86,,,,,,,,,
80, 18-04-2020 18:21:11,45,33,59.07,888.31,800,63,20.313,3190.148,3410,336.6,5.29,,45.29,,1044,87,,,,,,,,,
80, 18-04-2020 18:21:12,45,33,59.07,888.31,800,64,19.531,3190.142,3410,322.8,6.764,,45.29,,1056,88,,,,,,,,,
80, 18-04-2020 18:21:13,45,32,59.07,888.31,800,64,20.117,3190.142,3411,318.8,6.019,,45.33,,1068,89,,,,,,,,,
80, 18-04-2020 18:21:14,45,31,59.07,888.31,800,64,19.531,3190.153,3411,325.4,4.939,,45.27,,1080,90,,,,,,,,,
80, 18-04-2020 18:21:15,45,32,59.07,888.31,800,62,16.797,3190.153,3407,325.2,5.679,,47.32,,1092,91,,,,,,,,,
80, 18-04-2020 18:21:16,45,32,59.07,888.31,800,63,22.07,3190.149,3409,317.7,6.338,,47.32,,1104,92,,,,,,,,,
80, 18-04-2020 18:21:17,45,32,59.07,888.31,800,63,21.289,3190.149,3411,315.9,5.588,,47.33,,1116,93,,,,,,,,,
80, 18-04-2020 18:21:18,45,32,59.07,888.31,800,61,19.336,3190.149,3411,312.5,5.848,,47.3,,1128,94,,,,,,,,,
80, 18-04-2020 18:21:19,46,31,59.07,888.31,800,60,17.578,3190.148,3412,310.9,5.606,,47.32,,1140,95,,,,,,,,,
80, 18-04-2020 18:21:20,46,31,59.07,888.31,800,65,20.508,3289.842,3413,306.3,5.75,,47.32,,1152,96,,,,,,,,,
80, 18-04-2020 18:21:21,46,31,59.07,888.31,800,64,20.117,3190.15,3413,307.1,5.034,,47.3,,1164,97,,,,,,,,,
80, 18-04-2020 18:21:22,46,31,59.07,888.31,800,64,18.555,3190.148,3409,307.7,5.471,,46.3,,1176,98,,,,,,,,,
80, 18-04-2020 18:21:23,46,28,59.07,888.31,800,63,18.75,3289.84,3411,292.8,6.633,,46.3,,1188,99,,,,,,,,,
80, 18-04-2020 18:21:24,46,29,59.07,888.31,800,62,19.531,3289.84,3412,278.8,6.326,,46.77,,1200,100,,,,,,,,,
80, 18-04-2020 18:21:25,46,29,59.07,888.31,800,64,20.703,3190.148,3412,286.4,5.618,,46.79,,1212,101,,,,,,,,,
80, 18-04-2020 18:21:26,46,27,59.07,888.31,800,64,16.992,3190.149,3412,280.9,5.132,,46.8,,1224,102,,,,,,,,,
80, 18-04-2020 18:21:27,46,29,59.07,888.31,800,63,20.117,3190.144,3410,271.3,5.35,,46.8,,1236,103,,,,,,,,,
80, 18-04-2020 18:21:28,46,27,59.07,888.31,800,62,19.727,3289.836,3411,273.9,6.213,,47.17,,1248,104,,,,,,,,,
80, 18-04-2020 18:21:29,46,27,59.07,888.31,800,64,19.531,3190.151,3411,273.7,6.591,,47.23,,1260,105,,,,,,,,,
80, 18-04-2020 18:21:30,46,30,59.07,888.31,800,61,18.555,3190.151,3413,275.8,6.018,,47.11,,1272,106,,,,,,,,,
80, 18-04-2020 18:21:31,46,29,59.07,888.31,800,64,18.164,3190.148,3415,273.9,6.389,,47.11,,1284,107,,,,,,,,,
80, 18-04-2020 18:21:32,46,28,59.07,888.31,800,61,19.727,3190.15,3416,266.3,5.922,,46.99,,1296,108,,,,,,,,,
80, 18-04-2020 18:21:33,46,27,59.07,888.31,800,65,19.141,3289.842,3416,267.8,7.062,,47.35,,1308,109,,,,,,,,,
80, 18-04-2020 18:21:34,46,28,59.07,888.31,800,65,18.359,3190.148,3411,263.4,6.015,,47.31,,1320,110,,,,,,,,,
80, 18-04-2020 18:21:35,46,28,59.07,888.31,800,65,21.484,3289.841,3412,263.1,5.94,,47.31,,1332,111,,,,,,,,,
80, 18-04-2020 18:21:36,46,27,59.07,888.31,800,63,22.266,3190.149,3413,263.9,6.771,,47.3,,1344,112,,,,,,,,,
80, 18-04-2020 18:21:37,46,27,59.07,888.31,800,61,18.555,3289.841,3413,251.2,11.016,,47.37,,1356,113,,,,,,,,,
80, 18-04-2020 18:21:38,46,27,59.07,888.31,800,63,20.313,3289.841,3414,257.6,6.984,,47.26,,1368,114,,,,,,,,,
80, 18-04-2020 18:21:39,46,27,59.07,888.31,800,60,18.945,3190.149,3415,255.4,6.412,,47.26,,1380,115,,,,,,,,,
80, 18-04-2020 18:21:40,46,27,59.07,888.31,800,65,19.727,3190.148,3412,253.4,7.356,,47.31,,1392,116,,,,,,,,,
80, 18-04-2020 18:21:41,46,26,59.07,888.31,800,64,18.75,3190.148,3412,248.9,7.605,,47.29,,1404,117,,,,,,,,,
80, 18-04-2020 18:21:42,46,26,59.07,888.31,800,64,21.484,3190.148,3414,245.9,8.28,,47.31,,1416,118,,,,,,,,,
80, 18-04-2020 18:21:43,46,26,59.07,888.31,800,65,18.945,3289.84,3416,245.9,6.27,,47.31,,1428,119,,,,,,,,,
80, 18-04-2020 18:21:44,46,26,59.07,888.31,800,65,19.727,3190.149,3416,247.2,7.817,,47.36,,1440,120,,,,,,,,,
80, 18-04-2020 18:21:45,46,26,59.07,888.31,800,64,16.797,3289.841,3416,247.6,5.967,,47.28,,1452,121,,,,,,,,,
80, 18-04-2020 18:21:46,46,25,59.07,888.31,800,66,21.875,3190.149,3417,242.2,6.841,,47.28,,1464,122,,,,,,,,,
80, 18-04-2020 18:21:47,46,26,59.07,888.31,800,64,19.531,3289.841,3413,244.5,7.636,,47.32,,1476,123,,,,,,,,,
80, 18-04-2020 18:21:48,46,25,59.07,888.31,800,66,19.727,3289.841,3413,243.5,5.877,,47.31,,1488,124,,,,,,,,,
80, 18-04-2020 18:21:49,46,26,59.07,888.31,800,65,19.922,3289.841,3414,235.9,7.968,,47.29,,1500,125,,,,,,,,,
80, 18-04-2020 18:21:50,46,25,59.07,888.31,800,66,20.898,3289.84,3417,238,6.864,,47.29,,1512,126,,,,,,,,,
80, 18-04-2020 18:21:51,46,25,59.07,888.31,800,63,22.07,3190.138,3417,234.9,7.452,,47.32,,1524,127,,,,,,,,,
80, 18-04-2020 18:21:52,46,19,59.07,888.31,800,59,24.023,3190.16,3417,213.4,9.987,,47.29,,1536,128,,,,,,,,,
80, 18-04-2020 18:21:53,46,25,59.07,888.31,800,65,24.219,3190.149,3414,215.2,8.647,,47.31,,1548,129,,,,,,,,,
80, 18-04-2020 18:21:54,46,26,59.07,888.31,800,64,19.336,3190.149,3414,233.3,6.957,,47.31,,1560,130,,,,,,,,,
80, 18-04-2020 18:21:55,46,25,59.07,888.31,800,61,19.922,3289.839,3412,233.6,6.791,,47.36,,1572,131,,,,,,,,,
80, 18-04-2020 18:21:56,46,22,59.07,888.31,800,66,23.242,3289.839,3412,218.3,10.421,,47.28,,1584,132,,,,,,,,,
80, 18-04-2020 18:21:57,46,25,59.07,888.31,800,62,20.898,3090.43,3412,226.2,7.081,,47.31,,1596,133,,,,,,,,,
80, 18-04-2020 18:21:58,46,26,59.07,888.31,800,64,19.727,3190.122,3413,222.2,59.589,,47.31,,1608,134,,,,,,,,,
80, 18-04-2020 18:21:59,46,25,59.07,888.31,800,65,20.508,3190.176,3411,237.9,7.724,,47.29,,1620,135,,,,,,,,,
80, 18-04-2020 18:22:00,46,27,59.07,888.31,800,67,19.922,3190.176,3411,238.7,7.491,,47.33,,1632,136,,,,,,,,,
80, 18-04-2020 18:22:01,46,25,59.07,888.31,800,62,19.141,3289.842,3411,235.4,6.413,,47.3,,1644,137,,,,,,,,,
80, 18-04-2020 18:22:02,46,26,59.07,888.31,800,63,19.531,3190.145,3412,232.9,6.43,,47.3,,1656,138,,,,,,,,,
80, 18-04-2020 18:22:03,46,25,59.07,888.31,800,66,19.922,3190.145,3412,233.4,7.532,,47.32,,1668,139,,,,,,,,,
80, 18-04-2020 18:22:04,46,25,59.07,888.31,800,66,17.383,3289.842,3412,224.3,7.852,,47.32,,1680,140,,,,,,,,,
80, 18-04-2020 18:22:05,46,26,59.07,888.31,800,67,17.383,3289.841,3414,232,6.006,,47.32,,1692,141,,,,,,,,,
80, 18-04-2020 18:22:06,46,25,59.07,888.31,800,61,22.07,3289.841,3412,217.2,9.63,,47.32,,1704,142,,,,,,,,,
80, 18-04-2020 18:22:07,46,25,59.07,888.31,800,59,26.172,3190.148,3411,199.1,9.064,,47.3,,1716,143,,,,,,,,,
80, 18-04-2020 18:22:08,46,24,59.07,888.31,800,64,21.289,3190.148,3411,219.4,6.901,,47.29,,1728,144,,,,,,,,,
80, 18-04-2020 18:22:09,46,0,59.07,135,405,54,13.086,3289.841,3412,215.4,8.531,,47.31,,1740,145,,,,,,,,,
80, 18-04-2020 18:22:10,47,18,59.07,1097.138,2505.6,66,19.141,3190.15,3412,127.2,736.589,,47.31,,1752,146,,,,,,,,,
80, 18-04-2020 18:22:11,47,18,59.07,1097.138,2505.6,63,22.266,3190.15,3414,217.2,11.339,,47.31,,1764,147,,,,,,,,,
80, 18-04-2020 18:22:12,47,19,59.07,1097.138,2505.6,66,19.531,3190.149,3414,218.5,9.759,,47.33,,1776,148,,,,,,,,,
80, 18-04-2020 18:22:13,48,18,59.07,1097.138,2505.6,64,19.531,3190.149,3415,220.1,7.653,,47.33,,1788,149,,,,,,,,,
80, 18-04-2020 18:22:14,48,18,59.07,1097.138,2505.6,67,18.555,3289.84,3416,218.8,7.376,,47.39,,1800,150,,,,,,,,,
80, 18-04-2020 18:22:15,48,17,59.07,1097.138,2505.6,67,17.188,3289.84,3416,222.1,10.435,,47.34,,1812,151,,,,,,,,,
80, 18-04-2020 18:22:16,48,18,59.07,1097.138,2505.6,66,19.336,3190.15,3416,222.7,7.731,,47.34,,1824,152,,,,,,,,,
80, 18-04-2020 18:22:17,48,18,59.07,1097.138,2505.6,68,19.336,3190.15,3409,221.8,6.506,,47.34,,1836,153,,,,,,,,,
80, 18-04-2020 18:22:18,48,18,59.07,1097.138,2505.6,67,18.555,3289.809,3408,215.1,9.669,,47.34,,1848,154,,,,,,,,,
80, 18-04-2020 18:22:19,48,17,59.07,1097.138,2505.6,67,16.992,3289.809,3408,213.1,8.877,,47.36,,1860,155,,,,,,,,,
80, 18-04-2020 18:22:20,48,17,59.07,1097.138,2505.6,65,18.945,3289.872,3410,214.4,6.422,,47.61,,1872,156,,,,,,,,,
80, 18-04-2020 18:22:21,48,17,59.07,1097.138,2505.6,64,16.602,3289.841,3412,212.6,6.664,,47.61,,1884,157,,,,,,,,,
80, 18-04-2020 18:22:22,48,18,59.07,1097.138,2505.6,67,17.969,3190.149,3414,204.6,9.398,,47.84,,1896,158,,,,,,,,,
80, 18-04-2020 18:22:23,48,16,59.07,1097.138,2505.6,63,18.359,3190.149,3409,209.7,9.238,,47.37,,1908,159,,,,,,,,,
80, 18-04-2020 18:22:24,48,18,59.07,1097.138,2505.6,67,17.969,3190.149,3401,213.3,6.646,,47.34,,1920,160,,,,,,,,,
80, 18-04-2020 18:22:25,48,18,59.07,1097.138,2505.6,65,19.336,3090.453,3430,207.9,7.76,,47.34,,1932,161,,,,,,,,,
80, 18-04-2020 18:22:26,48,16,59.07,1097.138,2505.6,67,17.969,3289.837,3430,207.9,10.029,,47.3,,1944,162,,,,,,,,,
80, 18-04-2020 18:22:27,48,16,59.07,1097.138,2505.6,67,17.773,3289.813,3430,208.2,9.174,,47.3,,1956,163,,,,,,,,,
80, 18-04-2020 18:22:28,48,18,59.07,1097.138,2505.6,68,19.141,3190.122,3431,211.3,6.985,,47.34,,1968,164,,,,,,,,,
80, 18-04-2020 18:22:29,48,17,59.07,1097.138,2505.6,64,17.969,3190.177,3424,210.1,6.401,,47.34,,1980,165,,,,,,,,,
80, 18-04-2020 18:22:30,49,17,59.07,1097.138,2505.6,66,18.945,3289.844,3425,207.8,7.117,,47.3,,1992,166,,,,,,,,,
80, 18-04-2020 18:22:31,48,17,59.07,1097.138,2505.6,68,16.992,3289.844,3417,208.9,7.546,,47.35,,2004,167,,,,,,,,,
80, 18-04-2020 18:22:32,49,17,59.07,1097.138,2505.6,67,18.75,3190.148,3418,205.4,7.333,,47.81,,2016,168,,,,,,,,,
80, 18-04-2020 18:22:33,49,18,59.07,1097.138,2505.6,64,16.992,3289.84,3420,204.6,6.751,,47.81,,2028,169,,,,,,,,,
80, 18-04-2020 18:22:34,49,16,59.07,1097.138,2505.6,68,18.945,3289.84,3422,201.6,7.81,,47.32,,2040,170,,,,,,,,,
80, 18-04-2020 18:22:35,49,17,59.07,1097.138,2505.6,67,17.578,3289.84,3423,203.5,8.373,,47.32,,2052,171,,,,,,,,,
80, 18-04-2020 18:22:36,49,18,59.07,1097.138,2505.6,67,17.773,3289.84,3419,203.7,6.718,,47.34,,2064,172,,,,,,,,,
80, 18-04-2020 18:22:37,49,17,59.07,1097.138,2505.6,68,19.141,3289.841,3420,198.7,7.227,,47.34,,2076,173,,,,,,,,,
80, 18-04-2020 18:22:38,49,17,59.07,1097.138,2505.6,67,17.383,3190.149,3421,198.9,7.796,,47.38,,2088,174,,,,,,,,,
80, 18-04-2020 18:22:39,49,16,59.57,1097.138,2505.6,69,18.164,3289.841,3421,200.2,7.143,,47.31,,2100,175,,,,,,,,,
80, 18-04-2020 18:22:40,49,17,59.57,1097.138,2505.6,68,17.188,3289.841,3423,197.1,6.832,,47.36,,2112,176,,,,,,,,,
80, 18-04-2020 18:22:41,49,17,59.57,1097.138,2505.6,69,18.164,3289.841,3424,196.1,6.783,,47.36,,2124,177,,,,,,,,,
80, 18-04-2020 18:22:42,49,16,59.57,1097.138,2505.6,68,19.141,3289.84,3420,194.7,8.915,,47.76,,2136,178,,,,,,,,,
80, 18-04-2020 18:22:43,49,16,59.57,1097.138,2505.6,68,18.555,3289.84,3420,195.3,7.997,,47.32,,2148,179,,,,,,,,,
80, 18-04-2020 18:22:44,49,17,59.57,1097.138,2505.6,67,18.555,3289.841,3420,195.2,7.158,,47.37,,2160,180,,,,,,,,,
80, 18-04-2020 18:22:45,49,16,59.57,1097.138,2505.6,68,19.531,3289.841,3422,195,7.544,,47.37,,2172,181,,,,,,,,,
80, 18-04-2020 18:22:46,49,16,59.57,1097.138,2505.6,68,19.531,3289.841,3423,193.5,8.069,,47.29,,2184,182,,,,,,,,,
80, 18-04-2020 18:22:47,49,16,59.57,1097.138,2505.6,66,17.773,3190.148,3423,192.1,8.136,,47.33,,2196,183,,,,,,,,,
80, 18-04-2020 18:22:48,49,16,59.57,1097.138,2505.6,68,18.359,3289.84,3426,192.9,8.26,,47.33,,2208,184,,,,,,,,,
80, 18-04-2020 18:22:49,49,17,59.57,1097.138,2505.6,69,17.969,3289.84,3421,190.2,8.942,,47.33,,2220,185,,,,,,,,,
80, 18-04-2020 18:22:50,49,16,59.57,1097.138,2505.6,62,20.703,3289.842,3423,189.9,7.691,,47.65,,2232,186,,,,,,,,,
80, 18-04-2020 18:22:51,49,16,59.57,1097.138,2505.6,69,17.188,3289.842,3423,187.6,8.585,,47.41,,2244,187,,,,,,,,,
80, 18-04-2020 18:22:52,50,16,59.57,1097.138,2505.6,67,17.578,3190.149,3426,187.5,8.799,,47.29,,2256,188,,,,,,,,,
80, 18-04-2020 18:22:53,50,16,59.57,1097.138,2505.6,68,19.141,3289.841,3428,186.9,7.909,,47.29,,2268,189,,,,,,,,,
80, 18-04-2020 18:22:54,49,16,59.57,1097.138,2505.6,68,19.336,3190.149,3429,183.2,10.54,,47.33,,2280,190,,,,,,,,,
80, 18-04-2020 18:22:55,49,22,59.57,888.31,800,62,18.359,3289.841,3429,183.9,8.357,,47.32,,2292,191,,,,,,,,,
80, 18-04-2020 18:22:56,49,22,59.57,888.31,800,67,18.555,3289.84,3423,181.1,8.179,,47.36,,2304,192,,,,,,,,,
80, 18-04-2020 18:22:57,48,22,59.57,888.31,800,63,17.773,3289.84,3423,180.4,8.561,,47.36,,2316,193,,,,,,,,,
80, 18-04-2020 18:22:58,49,21,59.57,888.31,800,62,20.313,3289.84,3426,179.2,8.785,,47.42,,2328,194,,,,,,,,,
80, 18-04-2020 18:22:59,48,21,59.57,888.31,800,67,17.969,3289.841,3426,180.2,8.475,,47.7,,2340,195,,,,,,,,,
80, 18-04-2020 18:23:00,48,22,59.57,888.31,800,67,21.094,3289.778,3430,174.9,8.549,,47.32,,2352,196,,,,,,,,,
80, 18-04-2020 18:23:01,48,22,59.57,888.31,800,69,22.461,3289.778,3425,176.3,8.11,,47.32,,2364,197,,,,,,,,,
80, 18-04-2020 18:23:02,48,21,59.57,888.31,800,68,17.969,3289.87,3424,174.8,10.917,,47.31,,2376,198,,,,,,,,,
80, 18-04-2020 18:23:03,48,22,59.57,888.31,800,68,19.336,3289.87,3425,176.4,9.029,,47.32,,2388,199,,,,,,,,,
80, 18-04-2020 18:23:04,48,21,59.57,888.31,800,68,18.945,3289.841,3430,174.9,9.722,,47.32,,2400,200,,,,,,,,,
80, 18-04-2020 18:23:05,48,21,59.57,888.31,800,68,17.969,3289.84,3431,172.9,7.698,,47.34,,2412,201,,,,,,,,,
80, 18-04-2020 18:23:06,48,20,59.57,888.31,800,67,17.383,3289.84,3430,174,8.119,,47.37,,2424,202,,,,,,,,,
80, 18-04-2020 18:23:07,48,17,59.57,888.31,800,69,23.242,3190.149,3442,166.2,11.344,,47.48,,2436,203,,,,,,,,,
80, 18-04-2020 18:23:08,48,20,59.57,888.31,800,68,28.711,3190.145,3447,158.9,10.547,,47.48,,2448,204,,,,,,,,,
80, 18-04-2020 18:23:09,48,21,59.57,888.31,800,69,18.555,3289.837,3462,172.5,8.639,,47.75,,2460,205,,,,,,,,,
80, 18-04-2020 18:23:10,48,19,59.57,888.31,800,66,18.75,3289.842,3462,172.5,9.058,,47.31,,2472,206,,,,,,,,,
80, 18-04-2020 18:23:11,48,22,59.57,888.31,800,62,18.359,3190.148,3463,172.3,9.362,,47.33,,2484,207,,,,,,,,,
80, 18-04-2020 18:23:12,48,21,59.57,888.31,800,67,20.703,3190.149,3462,170.8,7.844,,47.33,,2496,208,,,,,,,,,
80, 18-04-2020 18:23:13,48,20,59.57,888.31,800,68,18.945,3190.149,3462,171.4,7.786,,47.34,,2508,209,,,,,,,,,
80, 18-04-2020 18:23:14,48,19,59.57,888.31,800,69,19.727,3289.841,3462,168.1,9.995,,47.35,,2520,210,,,,,,,,,
80, 18-04-2020 18:23:15,48,21,59.57,888.31,800,69,19.141,3289.84,3455,169,11.6,,47.61,,2532,211,,,,,,,,,
80, 18-04-2020 18:23:16,48,20,59.57,888.31,800,68,17.578,3190.146,3455,168.9,8.546,,47.61,,2544,212,,,,,,,,,
80, 18-04-2020 18:23:17,48,20,59.57,888.31,800,68,20.117,3190.146,3458,166.5,8.133,,47.36,,2556,213,,,,,,,,,
80, 18-04-2020 18:23:18,48,20,59.57,888.31,800,69,19.727,3289.841,3458,167.6,9.415,,47.33,,2568,214,,,,,,,,,
80, 18-04-2020 18:23:19,48,20,59.57,888.31,800,68,17.383,3190.149,3459,166.9,8.587,,47.32,,2580,215,,,,,,,,,
80, 18-04-2020 18:23:20,48,20,59.57,888.31,800,69,17.773,3289.841,3456,166.8,8.339,,47.32,,2592,216,,,,,,,,,
80, 18-04-2020 18:23:21,48,18,59.57,888.31,800,61,19.837,3289.841,3457,159.1,11.112,,47.35,,2604,217,,,,,,,,,
80, 18-04-2020 18:23:22,48,19,59.57,888.31,800,68,22.391,3190.149,3458,154.5,0,,47.37,,2616,218,,,,,,,,,
80, 18-04-2020 18:23:23,48,19,59.57,888.31,800,62,22.07,3190.149,3463,156.7,11.726,,47.64,,2628,219,,,,,,,,,
80, 18-04-2020 18:23:24,48,20,59.57,888.31,800,66,18.75,3289.841,3464,162.8,8.326,,47.64,,2640,220,,,,,,,,,
80, 18-04-2020 18:23:25,48,20,59.57,888.31,800,68,19.727,3289.841,3464,160.3,9.629,,47.35,,2652,221,,,,,,,,,
80, 18-04-2020 18:23:26,48,19,59.57,888.31,800,60,18.164,3289.84,3464,160.5,11.522,,47.32,,2664,222,,,,,,,,,
80, 18-04-2020 18:23:27,48,20,59.57,888.31,800,60,18.555,3289.841,3459,158.6,13.371,,47.32,,2676,223,,,,,,,,,
80, 18-04-2020 18:23:28,48,20,59.57,888.31,800,69,17.383,3289.841,3459,157.3,11.611,,47.32,,2688,224,,,,,,,,,
80, 18-04-2020 18:23:29,48,19,59.57,888.31,800,67,19.531,3289.84,3459,158.4,9.982,,47.37,,2700,225,,,,,,,,,
80, 18-04-2020 18:23:30,48,19,59.57,888.31,800,69,17.188,3289.84,3459,159.4,7.842,,47.33,,2712,226,,,,,,,,,
80, 18-04-2020 18:23:31,48,19,59.57,888.31,800,62,16.992,3289.841,3461,158.8,8.2,,47.61,,2724,227,,,,,,,,,
80, 18-04-2020 18:23:32,48,20,59.57,888.31,800,69,18.164,3289.841,3463,157.3,10.29,,47.61,,2736,228,,,,,,,,,
80, 18-04-2020 18:23:33,48,20,59.57,888.31,800,68,17.969,3289.841,3459,156.2,9.012,,47.31,,2748,229,,,,,,,,,
80, 18-04-2020 18:23:34,48,20,59.57,888.31,800,64,20.508,3289.84,3451,151.3,12.536,,47.31,,2760,230,,,,,,,,,
80, 18-04-2020 18:23:35,48,19,59.57,888.31,800,67,18.359,3190.148,3451,156.4,8.721,,47.34,,2772,231,,,,,,,,,
80, 18-04-2020 18:23:36,48,20,59.57,888.31,800,69,19.727,3289.841,3451,154.5,8.888,,47.34,,2784,232,,,,,,,,,
80, 18-04-2020 18:23:37,48,19,59.57,888.31,800,67,18.164,3289.841,3453,154.2,9.334,,47.31,,2796,233,,,,,,,,,
80, 18-04-2020 18:23:38,48,20,59.57,888.31,800,66,17.773,3289.841,3452,155.1,9.379,,47.81,,2808,234,,,,,,,,,
80, 18-04-2020 18:23:39,48,20,59.57,888.31,800,68,17.383,3289.84,3454,154.8,9.277,,47.31,,2820,235,,,,,,,,,
80, 18-04-2020 18:23:40,48,19,59.57,888.31,800,68,17.383,3289.84,3451,153.9,9.888,,47.31,,2832,236,,,,,,,,,
80, 18-04-2020 18:23:41,48,19,59.57,888.31,800,68,17.969,3289.841,3451,154.6,8.95,,47.31,,2844,237,,,,,,,,,
80, 18-04-2020 18:23:42,48,20,59.57,888.31,800,69,18.555,3289.841,3452,154.2,8.264,,47.32,,2856,238,,,,,,,,,
80, 18-04-2020 18:23:43,48,20,59.57,888.31,800,69,17.969,3289.84,3453,153.6,9.503,,47.32,,2868,239,,,,,,,,,
80, 18-04-2020 18:23:44,48,20,59.57,888.31,800,69,19.336,3289.84,3454,151.9,9.459,,47.33,,2880,240,,,,,,,,,
80, 18-04-2020 18:23:45,48,19,59.57,888.31,800,62,16.602,3289.841,3454,150.8,12.071,,47.55,,2892,241,,,,,,,,,
80, 18-04-2020 18:23:46,48,19,59.57,888.31,800,69,18.359,3289.84,3452,153.7,8.707,,47.31,,2904,242,,,,,,,,,
80, 18-04-2020 18:23:47,48,19,59.57,888.31,800,69,19.922,3190.148,3453,147.7,12.028,,47.31,,2916,243,,,,,,,,,
80, 18-04-2020 18:23:48,48,19,59.57,888.31,800,70,17.773,3289.841,3455,148.9,11.872,,47.36,,2928,244,,,,,,,,,
80, 18-04-2020 18:23:49,48,19,59.57,888.31,800,67,17.188,3289.841,3455,151,9.667,,47.3,,2940,245,,,,,,,,,
80, 18-04-2020 18:23:50,48,19,59.57,888.31,800,68,21.094,3289.84,3456,150.2,10.2,,47.55,,2952,246,,,,,,,,,
80, 18-04-2020 18:23:51,48,19,59.57,888.31,800,68,17.773,3289.84,3458,150.2,8.399,,47.55,,2964,247,,,,,,,,,
80, 18-04-2020 18:23:52,48,19,59.57,888.31,800,69,18.75,3289.841,3453,148.8,8.797,,47.31,,2976,248,,,,,,,,,
80, 18-04-2020 18:23:53,48,19,59.57,888.31,800,69,18.164,3289.841,3453,149.4,9.135,,47.31,,2988,249,,,,,,,,,
80, 18-04-2020 18:23:54,48,18,59.57,888.31,800,67,17.383,3190.143,3453,149.9,8.244,,47.33,,3000,250,,,,,,,,,
80, 18-04-2020 18:23:55,48,19,59.57,888.31,800,68,18.945,3190.151,3454,143,14.664,,47.33,,3012,251,,,,,,,,,
80, 18-04-2020 18:23:56,48,18,59.57,888.31,800,65,17.969,3289.844,3456,146,8.624,,47.35,,3024,252,,,,,,,,,
80, 18-04-2020 18:23:57,48,18,59.57,888.31,800,69,18.164,3289.841,3455,144.7,10.384,,47.82,,3036,253,,,,,,,,,
80, 18-04-2020 18:23:58,48,19,59.57,888.31,800,69,18.75,3190.148,3457,143.1,14.191,,47.33,,3048,254,,,,,,,,,
80, 18-04-2020 18:23:59,48,18,59.57,405,405,68,19.141,3190.148,3453,145.7,9.397,,47.33,,3060,255,,,,,,,,,
80, 18-04-2020 18:24:00,48,33,59.57,405,405,69,18.555,3289.841,3459,145.3,9.53,,47.29,,3072,256,,,,,,,,,
80, 18-04-2020 18:24:01,48,33,59.57,405,405,67,18.359,3289.84,3458,144.1,13.18,,47.32,,3084,257,,,,,,,,,
80, 18-04-2020 18:24:02,48,40,59.57,270,405,69,18.555,3289.841,3458,144.7,9.766,,47.61,,3096,258,,,,,,,,,
80, 18-04-2020 18:24:03,48,40,59.57,270,405,63,17.969,3289.841,3459,145.1,8.831,,47.61,,3108,259,,,,,,,,,
80, 18-04-2020 18:24:04,48,39,59.57,270,405,68,18.75,3289.813,3459,144.5,8.66,,47.33,,3120,260,,,,,,,,,
80, 18-04-2020 18:24:05,48,43,59.57,202.5,405,65,18.164,3190.122,3459,143.4,10.144,,47.33,,3132,261,,,,,,,,,
80, 18-04-2020 18:24:06,48,45,59.57,202.5,405,68,18.359,3190.175,3456,139.9,10.905,,47.33,,3144,262,,,,,,,,,
80, 18-04-2020 18:24:07,48,45,59.57,202.5,405,69,19.531,3190.139,3463,137.9,14.515,,47.33,,3156,263,,,,,,,,,
80, 18-04-2020 18:24:08,48,51,59.57,162,405,62,17.773,3190.139,3463,141.5,9.213,,47.34,,3168,264,,,,,,,,,
80, 18-04-2020 18:24:09,48,50,59.57,162,405,68,19.141,3190.154,3453,140.4,13.232,,47.53,,3180,265,,,,,,,,,
80, 18-04-2020 18:24:10,48,54,59.57,147.272,405,68,17.773,3289.841,3452,141.8,8.691,,47.35,,3192,266,,,,,,,,,
80, 18-04-2020 18:24:11,48,54,59.57,147.272,405,68,18.359,3289.841,3442,140.8,10.264,,47.35,,3204,267,,,,,,,,,
80, 18-04-2020 18:24:12,48,52,59.57,147.272,405,67,19.141,3190.149,3442,139.8,11.018,,47.35,,3216,268,,,,,,,,,
80, 18-04-2020 18:24:13,48,53,59.57,147.272,405,68,17.383,3289.841,3442,140.3,10.595,,47.33,,3228,269,,,,,,,,,
80, 18-04-2020 18:24:14,48,56,59.57,147.272,405,69,16.406,3289.84,3443,140.3,9.114,,47.58,,3240,270,,,,,,,,,
80, 18-04-2020 18:24:15,48,56,59.57,147.272,405,68,16.797,3289.84,3444,139.8,9.211,,47.58,,3252,271,,,,,,,,,
80, 18-04-2020 18:24:16,48,55,59.57,147.272,405,68,18.75,3289.841,3445,138.9,10.44,,47.33,,3264,272,,,,,,,,,
80, 18-04-2020 18:24:17,48,55,59.57,147.272,405,64,17.773,3289.84,3445,138.1,9.878,,47.33,,3276,273,,,,,,,,,
80, 18-04-2020 18:24:18,48,57,59.57,147.272,405,68,15.625,3289.84,3442,139.7,9.605,,47.35,,3288,274,,,,,,,,,
80, 18-04-2020 18:24:19,48,57,59.57,147.272,405,69,17.383,3289.841,3443,138.5,9.127,,47.35,,3300,275,,,,,,,,,
80, 18-04-2020 18:24:20,48,55,59.57,147.272,405,67,18.359,3289.841,3444,136.5,16.372,,47.46,,3312,276,,,,,,,,,
80, 18-04-2020 18:24:21,48,53,59.57,147.272,405,68,18.359,3289.841,3444,136.7,10.058,,47.32,,3324,277,,,,,,,,,
80, 18-04-2020 18:24:22,48,55,59.57,147.272,405,69,17.383,3289.841,3445,134.4,14.064,,47.33,,3336,278,,,,,,,,,
80, 18-04-2020 18:24:23,48,56,59.57,147.272,405,67,17.383,3289.841,3443,135.7,13.518,,47.33,,3348,279,,,,,,,,,
80, 18-04-2020 18:24:24,48,54,59.57,147.272,405,67,17.969,3289.84,3445,135.6,10.468,,47.36,,3360,280,,,,,,,,,
80, 18-04-2020 18:24:25,48,54,59.57,147.272,405,67,18.555,3190.148,3445,135.4,11.173,,47.41,,3372,281,,,,,,,,,
80, 18-04-2020 18:24:26,48,56,59.57,147.272,405,68,17.773,3289.84,3445,135.8,9.306,,47.36,,3384,282,,,,,,,,,
80, 18-04-2020 18:24:27,48,56,59.57,147.272,405,68,16.797,3190.15,3447,135.5,13.65,,47.36,,3396,283,,,,,,,,,
80, 18-04-2020 18:24:28,48,53,59.57,147.272,405,67,17.188,3190.149,3447,134.6,9.244,,47.35,,3408,284,,,,,,,,,
80, 18-04-2020 18:24:29,48,54,59.57,147.272,405,64,18.555,3190.149,3447,135,10.287,,47.61,,3420,285,,,,,,,,,
80, 18-04-2020 18:24:30,48,53,59.57,147.272,405,63,17.383,3190.149,3444,134.6,9.939,,47.31,,3432,286,,,,,,,,,
80, 18-04-2020 18:24:31,48,52,59.57,147.272,405,68,16.016,3289.841,3445,131.3,13.078,,47.31,,3444,287,,,,,,,,,
80, 18-04-2020 18:24:32,48,51,59.57,147.272,405,69,17.773,3190.149,3448,132.8,9.34,,47.32,,3456,288,,,,,,,,,
80, 18-04-2020 18:24:33,48,56,59.57,135,405,67,16.406,3289.841,3447,132.9,11.598,,47.31,,3468,289,,,,,,,,,
80, 18-04-2020 18:24:34,48,57,59.57,135,405,67,17.969,3190.149,3448,129.8,14.168,,47.85,,3480,290,,,,,,,,,
80, 18-04-2020 18:24:35,48,56,59.57,135,405,68,17.578,3289.841,3450,130.8,10.278,,47.85,,3492,291,,,,,,,,,
80, 18-04-2020 18:24:36,48,55,59.57,135,405,68,19.531,3289.841,3446,130.8,10.946,,47.3,,3504,292,,,,,,,,,
80, 18-04-2020 18:24:37,48,57,59.57,135,405,66,17.188,3289.841,3446,132.1,10.186,,47.32,,3516,293,,,,,,,,,
80, 18-04-2020 18:24:38,48,52,59.57,135,405,67,18.555,3289.841,3447,128,12.785,,47.32,,3528,294,,,,,,,,,
80, 18-04-2020 18:24:39,48,57,59.57,135,405,67,18.75,3289.841,3446,129.6,11.977,,47.32,,3540,295,,,,,,,,,
80, 18-04-2020 18:24:40,48,55,59.57,135,405,67,17.383,3289.84,3446,130.5,11.224,,47.55,,3552,296,,,,,,,,,
80, 18-04-2020 18:24:41,48,56,59.57,135,405,69,18.359,3289.841,3446,130.1,11.299,,47.33,,3564,297,,,,,,,,,
80, 18-04-2020 18:24:42,48,56,59.57,135,405,68,17.773,3289.841,3443,129.5,10.545,,47.33,,3576,298,,,,,,,,,
80, 18-04-2020 18:24:43,48,54,59.57,135,405,68,20.313,3190.148,3442,128.1,10.666,,47.32,,3588,299,,,,,,,,,
80, 18-04-2020 18:24:44,48,54,59.57,135,405,68,19.336,3289.84,3442,129.2,9.524,,47.56,,3600,300,,,,,,,,,
80, 18-04-2020 18:24:45,48,56,59.57,135,405,68,16.211,3289.84,3443,129.3,11.788,,47.34,,3612,301,,,,,,,,,
80, 18-04-2020 18:24:46,48,55,59.57,135,405,66,18.75,3190.153,3444,126.7,11.95,,47.34,,3624,302,,,,,,,,,
80, 18-04-2020 18:24:47,48,53,59.57,135,405,68,18.359,3190.148,3443,126.9,10.933,,47.35,,3636,303,,,,,,,,,
80, 18-04-2020 18:24:48,48,52,59.57,135,405,69,16.602,3289.84,3442,126.5,12.037,,47.3,,3648,304,,,,,,,,,
80, 18-04-2020 18:24:49,48,56,59.57,135,405,68,16.016,3289.841,3444,127.9,10.343,,47.71,,3660,305,,,,,,,,,
80, 18-04-2020 18:24:50,48,55,59.57,135,405,68,16.992,3289.84,3446,126.4,11.053,,47.71,,3672,306,,,,,,,,,
80, 18-04-2020 18:24:51,48,53,59.57,135,405,70,18.359,3190.148,3447,124.7,12.579,,47.31,,3684,307,,,,,,,,,
80, 18-04-2020 18:24:52,48,53,59.57,135,405,63,17.969,3289.841,3447,125.3,10.757,,47.32,,3696,308,,,,,,,,,
80, 18-04-2020 18:24:53,48,55,59.57,135,405,68,16.406,3289.84,3441,125.5,10.116,,47.38,,3708,309,,,,,,,,,
80, 18-04-2020 18:24:54,48,55,59.57,135,405,67,18.555,3289.841,3441,124.7,10.899,,47.38,,3720,310,,,,,,,,,
80, 18-04-2020 18:24:55,48,53,59.57,135,405,63,17.188,3289.841,3441,123.9,10.943,,47.31,,3732,311,,,,,,,,,
80, 18-04-2020 18:24:56,48,51,59.57,135,405,68,18.75,3289.84,3441,124.4,11.119,,47.31,,3744,312,,,,,,,,,
80, 18-04-2020 18:24:57,48,55,59.57,135,405,68,18.359,3289.84,3441,124.6,10.736,,47.33,,3756,313,,,,,,,,,
80, 18-04-2020 18:24:58,48,54,59.57,135,405,68,17.383,3289.841,3442,122.6,10.95,,47.33,,3768,314,,,,,,,,,
80, 18-04-2020 18:24:59,48,51,59.57,135,405,68,17.383,3190.149,3444,122.6,11.683,,47.78,,3780,315,,,,,,,,,
80, 18-04-2020 18:25:00,48,50,59.57,135,405,67,17.188,3289.841,3444,121.7,13.328,,47.31,,3792,316,,,,,,,,,
80, 18-04-2020 18:25:01,48,53,59.57,135,405,67,17.773,3289.836,3447,121.9,13.225,,47.33,,3804,317,,,,,,,,,
80, 18-04-2020 18:25:02,48,56,59.57,135,405,67,16.406,3289.836,3443,121.3,15.449,,47.33,,3816,318,,,,,,,,,
80, 18-04-2020 18:25:03,48,54,59.57,135,405,67,19.141,3289.842,3443,122.8,10.157,,47.34,,3828,319,,,,,,,,,
80, 18-04-2020 18:25:04,48,54,59.57,135,405,68,16.602,3289.842,3443,124.2,10.56,,47.3,,3840,320,,,,,,,,,
80, 18-04-2020 18:25:05,48,56,59.57,135,405,69,17.578,3190.148,3445,123.2,9.917,,47.3,,3852,321,,,,,,,,,
80, 18-04-2020 18:25:06,48,57,59.57,135,405,69,17.773,3289.84,3446,117.3,16.966,,47.3,,3864,322,,,,,,,,,
80, 18-04-2020 18:25:07,48,54,59.57,135,405,69,18.164,3289.841,3443,119.1,16.649,,47.33,,3876,323,,,,,,,,,
80, 18-04-2020 18:25:08,48,53,59.57,135,405,67,18.359,3289.841,3443,121.3,10.628,,47.69,,3888,324,,,,,,,,,
80, 18-04-2020 18:25:09,48,55,59.57,135,405,68,16.797,3289.841,3445,121.5,10.093,,47.3,,3900,325,,,,,,,,,
80, 18-04-2020 18:25:10,48,55,59.57,135,405,68,17.383,3289.841,3447,122.2,9.972,,47.3,,3912,326,,,,,,,,,
80, 18-04-2020 18:25:11,48,54,59.57,135,405,69,18.359,3289.84,3444,121.1,11.238,,47.35,,3924,327,,,,,,,,,
80, 18-04-2020 18:25:12,48,51,59.57,135,405,66,20.703,3289.84,3443,118.5,16.826,,47.77,,3936,328,,,,,,,,,
80, 18-04-2020 18:25:13,48,53,59.57,135,405,68,18.164,3289.841,3444,119.5,11.282,,47.34,,3948,329,,,,,,,,,
80, 18-04-2020 18:25:14,48,54,59.57,135,405,64,18.359,3289.84,3447,120,11.484,,47.34,,3960,330,,,,,,,,,
80, 18-04-2020 18:25:15,48,52,59.57,135,405,68,16.992,3289.84,3448,116.4,15.945,,47.34,,3972,331,,,,,,,,,
80, 18-04-2020 18:25:16,48,49,59.57,135,405,69,18.164,3289.841,3448,119.3,15.035,,47.52,,3984,332,,,,,,,,,
80, 18-04-2020 18:25:17,48,54,59.57,135,405,69,17.773,3190.149,3445,117,16.134,,47.32,,3996,333,,,,,,,,,
80, 18-04-2020 18:25:18,48,53,59.57,135,405,67,18.164,3289.841,3447,117.6,11.041,,47.32,,4008,334,,,,,,,,,
80, 18-04-2020 18:25:19,48,52,59.57,135,405,67,18.75,3190.149,3447,116.9,10.853,,47.35,,4020,335,,,,,,,,,
80, 18-04-2020 18:25:20,48,53,59.57,135,405,69,18.945,3289.841,3446,116.3,12.704,,47.32,,4032,336,,,,,,,,,
80, 18-04-2020 18:25:21,48,52,59.57,135,405,69,17.773,3289.841,3450,117.3,10.65,,47.53,,4044,337,,,,,,,,,
80, 18-04-2020 18:25:22,48,50,59.57,135,405,69,18.945,3190.149,3447,115.8,11.479,,47.53,,4056,338,,,,,,,,,
80, 18-04-2020 18:25:23,48,53,59.57,135,405,68,17.578,3289.811,3448,116.5,10.805,,47.32,,4068,339,,,,,,,,,
80, 18-04-2020 18:25:24,48,54,59.57,135,405,66,18.164,3289.902,3448,116.7,11.124,,47.32,,4080,340,,,,,,,,,
80, 18-04-2020 18:25:25,48,53,59.57,135,405,68,16.211,3289.902,3450,116.9,10.664,,47.72,,4092,341,,,,,,,,,
80, 18-04-2020 18:25:26,48,53,59.57,135,405,68,19.141,3190.149,3456,114.5,12.176,,47.72,,4104,342,,,,,,,,,
80, 18-04-2020 18:25:27,48,53,59.57,135,405,66,20.313,3289.841,3450,113.8,11.816,,47.32,,4116,343,,,,,,,,,
80, 18-04-2020 18:25:28,48,54,59.57,135,405,69,18.359,3190.149,3449,115.1,10.83,,47.32,,4128,344,,,,,,,,,
80, 18-04-2020 18:25:29,48,50,59.57,135,405,69,17.383,3289.841,3450,115.3,10.065,,47.81,,4140,345,,,,,,,,,
80, 18-04-2020 18:25:30,48,50,59.57,135,405,69,18.359,3289.84,3452,113.1,13.091,,47.81,,4152,346,,,,,,,,,
80, 18-04-2020 18:25:31,48,51,59.57,135,405,64,18.555,3289.84,3453,114.3,10.782,,47.32,,4164,347,,,,,,,,,
80, 18-04-2020 18:25:32,48,53,59.57,135,405,69,16.797,3289.841,3453,114.2,12.244,,47.32,,4176,348,,,,,,,,,
80, 18-04-2020 18:25:33,48,52,59.57,135,405,69,16.797,3289.841,3451,112.2,16.636,,47.61,,4188,349,,,,,,,,,
80, 18-04-2020 18:25:34,48,52,59.57,135,405,69,18.164,3289.841,3453,114.2,12.002,,47.61,,4200,350,,,,,,,,,
80, 18-04-2020 18:25:35,48,51,59.57,135,405,70,17.578,3289.84,3453,112.4,21.601,,47.34,,4212,351,,,,,,,,,
80, 18-04-2020 18:25:36,48,51,59.57,135,405,66,18.164,3289.841,3453,111.3,18.166,,47.33,,4224,352,,,,,,,,,
80, 18-04-2020 18:25:37,48,51,59.57,135,405,69,16.797,3289.841,3451,110.4,18.424,,47.4,,4236,353,,,,,,,,,
80, 18-04-2020 18:25:38,48,50,59.57,135,405,69,17.188,3289.841,3454,113.3,12.528,,47.4,,4248,354,,,,,,,,,
80, 18-04-2020 18:25:39,48,50,59.57,135,405,68,17.188,3289.836,3454,112.3,12.084,,47.33,,4260,355,,,,,,,,,
80, 18-04-2020 18:25:40,48,51,59.57,135,405,65,16.797,3190.092,3454,113.2,12.895,,47.34,,4272,356,,,,,,,,,
80, 18-04-2020 18:25:41,48,50,59.57,135,405,68,18.164,3289.783,3455,111.7,14.846,,47.39,,4284,357,,,,,,,,,
80, 18-04-2020 18:25:42,48,50,59.57,135,405,68,17.188,3289.872,3452,111.9,13.045,,47.39,,4296,358,,,,,,,,,
80, 18-04-2020 18:25:43,48,51,59.57,135,405,70,17.578,3289.872,3453,111.6,11.531,,47.33,,4308,359,,,,,,,,,
80, 18-04-2020 18:25:44,48,50,59.57,135,405,68,17.188,3289.841,3453,112.7,11.41,,47.36,,4320,360,,,,,,,,,
80, 18-04-2020 18:25:45,48,50,59.57,135,405,69,17.969,3289.841,3455,111,11.823,,47.43,,4332,361,,,,,,,,,
80, 18-04-2020 18:25:46,48,50,59.57,135,405,67,16.406,3289.841,3456,109.4,18.464,,47.43,,4344,362,,,,,,,,,
80, 18-04-2020 18:25:47,48,51,59.57,135,405,68,17.188,3289.841,3453,110.6,12.512,,47.34,,4356,363,,,,,,,,,
80, 18-04-2020 18:25:48,48,50,59.57,135,405,69,16.406,3289.841,3453,110.9,12.185,,47.36,,4368,364,,,,,,,,,
80, 18-04-2020 18:25:49,48,39,59.57,135,405,68,16.797,3289.84,3453,105.6,21.143,,47.36,,4380,365,,,,,,,,,
80, 18-04-2020 18:25:50,48,50,59.57,135,405,69,16.992,3289.84,3457,109.4,12.1,,47.36,,4392,366,,,,,,,,,
80, 18-04-2020 18:25:51,48,49,59.57,135,405,66,16.992,3289.841,3454,109.8,12.726,,47.33,,4404,367,,,,,,,,,
80, 18-04-2020 18:25:52,48,49,59.57,135,405,68,17.383,3289.84,3454,110.4,11.716,,47.32,,4416,368,,,,,,,,,
80, 18-04-2020 18:25:53,48,48,59.57,135,405,67,17.578,3289.841,3454,110.4,11.392,,47.48,,4428,369,,,,,,,,,
80, 18-04-2020 18:25:54,48,49,59.57,135,405,69,18.555,3190.149,3455,107.4,18.744,,47.48,,4440,370,,,,,,,,,
80, 18-04-2020 18:25:55,48,48,59.57,135,405,68,19.336,3289.84,3455,102.1,20.357,,47.32,,4452,371,,,,,,,,,
80, 18-04-2020 18:25:56,48,51,59.57,135,405,69,17.773,3289.841,3456,108.3,11.934,,47.36,,4464,372,,,,,,,,,
80, 18-04-2020 18:25:57,48,52,59.57,135,405,65,18.164,3289.841,3455,107.2,13.918,,47.36,,4476,373,,,,,,,,,
80, 18-04-2020 18:25:58,48,51,59.57,135,405,62,17.383,3289.84,3455,106.5,13.327,,47.37,,4488,374,,,,,,,,,
80, 18-04-2020 18:25:59,48,50,59.57,135,405,64,17.969,3289.78,3456,105.8,16.949,,47.33,,4500,375,,,,,,,,,
80, 18-04-2020 18:26:00,48,53,59.57,135,405,68,15.82,3289.78,3457,106.1,14.883,,47.36,,4512,376,,,,,,,,,
80, 18-04-2020 18:26:01,48,53,59.57,135,405,67,17.578,3289.872,3458,106.4,14.136,,47.36,,4524,377,,,,,,,,,
80, 18-04-2020 18:26:02,48,52,59.57,135,405,68,17.578,3289.872,3456,106.3,12.539,,47.36,,4536,378,,,,,,,,,
80, 18-04-2020 18:26:03,48,48,59.57,135,405,68,18.555,3289.84,3456,105.4,13.185,,47.31,,4548,379,,,,,,,,,
80, 18-04-2020 18:26:04,48,52,59.57,135,405,68,17.383,3289.84,3459,106.6,11.138,,47.34,,4560,380,,,,,,,,,
80, 18-04-2020 18:26:05,48,51,59.57,135,405,66,19.141,3289.841,3460,105.9,11.952,,47.34,,4572,381,,,,,,,,,
80, 18-04-2020 18:26:06,48,51,59.57,135,405,69,18.75,3289.841,3460,104.3,13.435,,47.32,,4584,382,,,,,,,,,
80, 18-04-2020 18:26:07,48,49,59.57,135,405,69,18.164,3289.841,3460,103.6,17.555,,47.32,,4596,383,,,,,,,,,
80, 18-04-2020 18:26:08,48,51,59.57,135,405,69,17.578,3289.84,3462,104.4,15.5,,47.33,,4608,384,,,,,,,,,
80, 18-04-2020 18:26:09,48,51,59.57,135,405,66,17.383,3289.84,3462,104.7,13.542,,47.33,,4620,385,,,,,,,,,
80, 18-04-2020 18:26:10,48,51,59.57,135,405,68,19.531,3289.841,3463,104.1,13.094,,47.35,,4632,386,,,,,,,,,
80, 18-04-2020 18:26:11,48,48,59.57,135,405,68,17.969,1196.305,3463,100.2,21.416,,47.32,,4644,387,,,,,,,,,
80, 18-04-2020 18:26:12,48,51,59.57,135,405,67,17.188,3289.84,3458,101.2,22.157,,47.34,,4656,388,,,,,,,,,
80, 18-04-2020 18:26:13,48,51,59.57,135,405,68,17.773,3289.841,3459,103.5,11.865,,47.34,,4668,389,,,,,,,,,
80, 18-04-2020 18:26:14,48,50,59.57,135,405,67,17.383,3289.84,3460,103.3,12.61,,47.34,,4680,390,,,,,,,,,
80, 18-04-2020 18:26:15,48,47,59.57,135,405,68,18.359,3289.841,3460,103.5,12.056,,47.32,,4692,391,,,,,,,,,
80, 18-04-2020 18:26:16,48,50,59.57,135,405,67,17.578,3289.841,3461,103.3,12.176,,47.33,,4704,392,,,,,,,,,
80, 18-04-2020 18:26:17,48,48,59.57,135,405,68,16.602,3289.841,3459,103.5,14.113,,47.33,,4716,393,,,,,,,,,
80, 18-04-2020 18:26:18,48,47,59.57,135,405,67,18.164,3289.841,3460,100.3,19.7,,47.36,,4728,394,,,,,,,,,
80, 18-04-2020 18:26:19,48,42,59.57,135,405,69,18.75,3289.841,3460,101.4,17.549,,47.32,,4740,395,,,,,,,,,
80, 18-04-2020 18:26:20,48,47,59.57,135,405,68,17.188,3289.84,3461,102.5,12.1,,47.33,,4752,396,,,,,,,,,
80, 18-04-2020 18:26:21,48,47,59.57,135,405,69,18.359,3289.824,3462,102.2,14.174,,47.33,,4764,397,,,,,,,,,
80, 18-04-2020 18:26:22,48,47,59.57,135,405,69,18.75,3289.824,3459,101.2,12.751,,47.38,,4776,398,,,,,,,,,
80, 18-04-2020 18:26:23,48,45,59.57,135,405,67,17.383,3289.849,3459,101.4,12.469,,47.34,,4788,399,,,,,,,,,
80, 18-04-2020 18:26:24,48,46,59.57,135,405,69,16.797,3289.774,3462,101.4,11.99,,47.34,,4800,400,,,,,,,,,
80, 18-04-2020 18:26:25,48,48,59.57,135,405,70,18.359,3190.084,3462,101.2,12.354,,47.34,,4812,401,,,,,,,,,
80, 18-04-2020 18:26:26,48,47,59.57,135,405,68,17.773,3289.874,3459,100.3,13.914,,47.56,,4824,402,,,,,,,,,
80, 18-04-2020 18:26:27,48,46,59.57,135,405,68,18.359,3289.841,3459,99.6,18.62,,47.32,,4836,403,,,,,,,,,
80, 18-04-2020 18:26:28,48,47,59.57,135,405,69,17.383,3190.149,3461,100.4,12.962,,47.36,,4848,404,,,,,,,,,
80, 18-04-2020 18:26:29,48,47,59.57,135,405,68,17.188,3289.841,3463,99.7,15.06,,47.36,,4860,405,,,,,,,,,
80, 18-04-2020 18:26:30,48,47,59.57,135,405,68,18.359,3190.146,3464,99.5,13.007,,47.68,,4872,406,,,,,,,,,
80, 18-04-2020 18:26:31,48,47,59.57,135,405,68,16.602,3289.839,3465,99.8,14.295,,47.32,,4884,407,,,,,,,,,
80, 18-04-2020 18:26:32,48,47,59.57,135,405,68,20.898,3190.145,3461,98.3,14.546,,47.32,,4896,408,,,,,,,,,
80, 18-04-2020 18:26:33,48,47,59.57,135,405,69,16.797,3289.837,3465,99.2,12.171,,47.32,,4908,409,,,,,,,,,
80, 18-04-2020 18:26:34,48,46,59.57,135,405,65,16.602,3190.151,3466,99.2,12.133,,47.86,,4920,410,,,,,,,,,
80, 18-04-2020 18:26:35,48,44,59.57,135,405,68,16.211,3289.844,3465,98.3,19.68,,47.32,,4932,411,,,,,,,,,
80, 18-04-2020 18:26:36,48,46,59.57,135,405,67,18.359,3190.149,3466,98.8,11.882,,47.34,,4944,412,,,,,,,,,
80, 18-04-2020 18:26:37,48,47,59.57,135,405,67,16.016,3289.841,3463,98.8,12.419,,47.34,,4956,413,,,,,,,,,
80, 18-04-2020 18:26:38,48,46,59.57,135,405,65,18.164,3289.84,3465,98.1,13.556,,47.69,,4968,414,,,,,,,,,
80, 18-04-2020 18:26:39,48,44,59.57,135,405,69,17.383,3289.84,3465,98.5,13.774,,47.32,,4980,415,,,,,,,,,
80, 18-04-2020 18:26:40,48,47,59.57,135,405,69,17.188,3190.148,3466,98,12.157,,47.32,,4992,416,,,,,,,,,
80, 18-04-2020 18:26:41,48,46,59.57,135,405,68,18.555,3289.84,3464,97.6,12.888,,47.32,,5004,417,,,,,,,,,
80, 18-04-2020 18:26:42,48,47,59.57,135,405,69,19.336,3289.84,3464,97.1,12.694,,47.39,,5016,418,,,,,,,,,
80, 18-04-2020 18:26:43,48,45,59.57,135,405,69,17.773,3289.844,3464,95.4,22.822,,47.32,,5028,419,,,,,,,,,
80, 18-04-2020 18:26:44,48,47,59.57,135,405,63,17.773,3190.145,3466,97.3,12.43,,47.34,,5040,420,,,,,,,,,
80, 18-04-2020 18:26:45,48,48,59.57,135,405,68,17.578,3190.151,3467,97,12.955,,47.34,,5052,421,,,,,,,,,
80, 18-04-2020 18:26:46,48,46,59.57,135,405,69,17.578,3289.844,3464,96.4,13.405,,47.32,,5064,422,,,,,,,,,
80, 18-04-2020 18:26:47,48,44,59.57,135,405,68,18.164,3289.84,3464,95.2,18.689,,47.32,,5076,423,,,,,,,,,
80, 18-04-2020 18:26:48,48,47,59.57,135,405,67,17.578,3190.098,3467,97.2,12.302,,47.57,,5088,424,,,,,,,,,
80, 18-04-2020 18:26:49,48,49,59.57,135,405,68,17.969,3289.789,3468,95.3,20.057,,47.57,,5100,425,,,,,,,,,
80, 18-04-2020 18:26:50,48,46,59.57,135,405,69,18.75,3289.866,3469,96.6,13.261,,47.32,,5112,426,,,,,,,,,
80, 18-04-2020 18:26:51,48,46,59.57,135,405,68,18.164,3190.174,3469,96.2,14.378,,47.32,,5124,427,,,,,,,,,
80, 18-04-2020 18:26:52,48,47,59.57,135,405,68,16.211,3289.841,3466,96,12.429,,47.82,,5136,428,,,,,,,,,
80, 18-04-2020 18:26:53,48,46,59.57,135,405,68,18.164,3289.84,3468,94.9,12.722,,47.82,,5148,429,,,,,,,,,
80, 18-04-2020 18:26:54,48,43,59.57,135,405,68,16.406,3289.84,3470,95.1,12.812,,47.33,,5160,430,,,,,,,,,
80, 18-04-2020 18:26:55,48,43,59.57,135,405,69,17.578,3289.84,3470,95.3,14.194,,47.34,,5172,431,,,,,,,,,
80, 18-04-2020 18:26:56,48,45,59.57,135,405,69,17.383,3289.841,3470,95.2,13.647,,47.47,,5184,432,,,,,,,,,
80, 18-04-2020 18:26:57,48,45,59.57,135,405,68,16.211,3289.841,3467,94.6,13.688,,47.47,,5196,433,,,,,,,,,
80, 18-04-2020 18:26:58,48,43,59.57,135,405,69,16.797,3289.84,3470,89.4,23.66,,47.32,,5208,434,,,,,,,,,
80, 18-04-2020 18:26:59,48,44,59.57,135,405,63,16.211,3289.84,3469,93.6,15.009,,47.32,,5220,435,,,,,,,,,
80, 18-04-2020 18:27:00,48,47,59.57,135,405,70,16.797,3289.841,3475,94.4,12.691,,47.32,,5232,436,,,,,,,,,
80, 18-04-2020 18:27:01,48,47,59.57,135,405,68,16.602,3289.841,3469,94.3,14.141,,47.32,,5244,437,,,,,,,,,
80, 18-04-2020 18:27:02,48,46,59.57,135,405,69,17.969,3289.841,3469,93.4,13.64,,47.34,,5256,438,,,,,,,,,
80, 18-04-2020 18:27:03,48,44,59.57,135,405,68,16.797,3289.841,3469,93.4,15.514,,47.53,,5268,439,,,,,,,,,
80, 18-04-2020 18:27:04,48,46,59.57,135,405,69,16.797,3289.841,3471,93.2,12.835,,47.34,,5280,440,,,,,,,,,
80, 18-04-2020 18:27:05,48,47,59.57,135,405,69,17.773,3289.841,3473,93.3,13.082,,47.34,,5292,441,,,,,,,,,
80, 18-04-2020 18:27:06,48,47,59.57,135,405,69,18.555,3289.841,3470,91.4,20.09,,47.42,,5304,442,,,,,,,,,
80, 18-04-2020 18:27:07,48,45,59.57,135,405,66,18.164,3289.841,3469,90,23.03,,47.74,,5316,443,,,,,,,,,
80, 18-04-2020 18:27:08,48,48,59.57,135,405,69,17.188,3289.841,3471,92.4,15.467,,47.36,,5328,444,,,,,,,,,
80, 18-04-2020 18:27:09,48,48,59.57,135,405,70,16.602,3289.841,3473,90.3,22.396,,47.36,,5340,445,,,,,,,,,
80, 18-04-2020 18:27:10,48,48,59.57,135,405,68,18.164,3289.841,3474,91.8,13.115,,47.36,,5352,446,,,,,,,,,
80, 18-04-2020 18:27:11,48,48,59.57,135,405,63,17.188,3289.841,3473,90.2,21.716,,47.65,,5364,447,,,,,,,,,
80, 18-04-2020 18:27:12,48,48,59.57,135,405,70,18.359,3289.841,3469,91.8,12.367,,47.36,,5376,448,,,,,,,,,
80, 18-04-2020 18:27:13,48,48,59.57,135,405,69,16.992,3289.841,3469,92.5,14.984,,47.36,,5388,449,,,,,,,,,
80, 18-04-2020 18:27:14,48,48,59.57,135,405,66,17.969,3190.149,3469,92.3,13.094,,47.32,,5400,450,,,,,,,,,
80, 18-04-2020 18:27:15,48,47,59.57,135,405,69,19.141,3289.841,3469,91.8,16.342,,47.35,,5412,451,,,,,,,,,
80, 18-04-2020 18:27:16,48,48,59.57,135,405,69,18.555,3289.84,3471,91.9,15.255,,47.32,,5424,452,,,,,,,,,
80, 18-04-2020 18:27:17,48,48,59.57,135,405,69,17.188,3289.84,3469,91.5,13.635,,47.32,,5436,453,,,,,,,,,
80, 18-04-2020 18:27:18,48,48,59.57,135,405,68,19.531,3289.841,3471,90.3,16.995,,47.84,,5448,454,,,,,,,,,
80, 18-04-2020 18:27:19,48,48,59.57,135,405,66,19.141,3289.839,3470,92,14,,47.36,,5460,455,,,,,,,,,
80, 18-04-2020 18:27:20,48,47,59.57,135,405,68,16.602,3190.146,3471,91.5,13.974,,47.34,,5472,456,,,,,,,,,
80, 18-04-2020 18:27:21,48,45,59.57,135,405,70,17.188,3190.149,3473,91.6,15.255,,47.34,,5484,457,,,,,,,,,
80, 18-04-2020 18:27:22,48,46,59.57,135,405,69,17.383,3289.841,3475,90.7,14.038,,47.32,,5496,458,,,,,,,,,
80, 18-04-2020 18:27:23,48,44,59.57,135,405,68,16.992,3190.149,3475,90.2,14.999,,47.32,,5508,459,,,,,,,,,
80, 18-04-2020 18:27:24,48,37,59.57,135,405,65,28.906,3289.841,3523,79.9,24.329,,47.35,,5520,460,,,,,,,,,
80, 18-04-2020 18:27:25,48,31,59.57,135,405,66,36.133,3190.149,3552,77.2,19.413,,47.35,,5532,461,,,,,,,,,
80, 18-04-2020 18:27:26,48,43,59.57,135,405,70,27.148,3190.148,3566,80.3,21.077,,47.81,,5544,462,,,,,,,,,
80, 18-04-2020 18:27:27,48,43,59.57,135,405,65,23.828,3289.84,3564,82.7,19.601,,47.33,,5556,463,,,,,,,,,
80, 18-04-2020 18:27:28,48,42,59.57,135,405,69,19.727,3289.841,3580,82.8,20.449,,47.33,,5568,464,,,,,,,,,
80, 18-04-2020 18:27:29,48,43,59.57,135,405,70,22.266,3289.841,3579,84.9,15.942,,47.35,,5580,465,,,,,,,,,
80, 18-04-2020 18:27:30,48,42,59.57,135,405,69,20.898,3289.841,3579,84.2,20.264,,47.59,,5592,466,,,,,,,,,
80, 18-04-2020 18:27:31,48,43,59.57,135,405,68,21.484,3190.148,3595,84.5,14.722,,47.35,,5604,467,,,,,,,,,
80, 18-04-2020 18:27:32,48,41,59.57,135,405,71,28.516,3289.84,3601,80.3,21.038,,47.35,,5616,468,,,,,,,,,
80, 18-04-2020 18:27:33,48,44,59.57,135,405,70,25.391,3190.149,3614,83,16.017,,47.39,,5628,469,,,,,,,,,
80, 18-04-2020 18:27:34,48,34,59.57,135,405,71,27.148,3190.149,3613,80.5,19.695,,47.36,,5640,470,,,,,,,,,
80, 18-04-2020 18:27:35,48,44,59.57,135,405,71,27.344,3289.839,3613,82.5,19.216,,47.36,,5652,471,,,,,,,,,
80, 18-04-2020 18:27:36,48,44,59.57,135,405,66,21.875,3190.15,3623,84.7,14.594,,47.36,,5664,472,,,,,,,,,
80, 18-04-2020 18:27:37,48,43,59.57,135,405,70,21.875,3190.15,3621,84.8,15.402,,47.36,,5676,473,,,,,,,,,
80, 18-04-2020 18:27:38,48,43,59.57,135,405,66,23.438,3190.149,3619,85.2,16.198,,47.39,,5688,474,,,,,,,,,
80, 18-04-2020 18:27:39,48,43,59.57,135,405,67,20.313,3190.149,3613,84.9,13.995,,47.34,,5700,475,,,,,,,,,
80, 18-04-2020 18:27:40,48,42,59.57,135,405,66,24.805,3190.149,3628,83.1,14.264,,47.34,,5712,476,,,,,,,,,
80, 18-04-2020 18:27:41,48,44,59.57,135,405,71,27.734,3289.841,3629,82.3,15.108,,47.36,,5724,477,,,,,,,,,
80, 18-04-2020 18:27:42,48,33,59.57,135,405,71,33.398,3190.149,3647,75.9,19.847,,47.33,,5736,478,,,,,,,,,
80, 18-04-2020 18:27:43,48,42,59.57,135,405,72,31.055,3090.457,3654,80.7,17.845,,47.61,,5748,479,,,,,,,,,
80, 18-04-2020 18:27:44,48,43,59.57,135,405,69,27.93,3190.149,3650,82.7,17.186,,47.61,,5760,480,,,,,,,,,
80, 18-04-2020 18:27:45,48,40,59.57,135,405,71,26.172,3190.149,3665,80.3,17.196,,47.32,,5772,481,,,,,,,,,
80, 18-04-2020 18:27:46,48,42,59.57,135,405,70,26.172,3289.841,3595,81.6,17.044,,35.32,,5784,482,,,,,,,,,
80, 18-04-2020 18:27:47,48,42,59.57,135,405,71,25.391,3190.148,3595,80.7,15.011,,35.71,,5796,483,,,,,,,,,
80, 18-04-2020 18:27:48,48,43,59.57,135,405,72,20.703,3190.148,3611,80.9,16.329,,35.71,,5808,484,,,,,,,,,
80, 18-04-2020 18:27:49,48,40,59.57,135,405,71,23.828,3190.149,3605,78.9,18.861,,35.43,,5820,485,,,,,,,,,
80, 18-04-2020 18:27:50,48,43,59.57,135,405,71,19.531,3289.841,3603,81.7,15.729,,35.42,,5832,486,,,,,,,,,
80, 18-04-2020 18:27:51,49,42,59.57,135,405,71,19.922,3289.841,3606,81.3,17.134,,35.85,,5844,487,,,,,,,,,
80, 18-04-2020 18:27:52,48,43,59.57,135,405,70,21.68,3289.84,3620,81.3,15.855,,35.85,,5856,488,,,,,,,,,
80, 18-04-2020 18:27:53,48,40,59.57,135,405,71,20.898,3190.148,3613,81.4,16.465,,35.41,,5868,489,,,,,,,,,
80, 18-04-2020 18:27:54,48,42,59.57,135,405,70,17.773,3289.841,3612,82.3,15.869,,35.41,,5880,490,,,,,,,,,
80, 18-04-2020 18:27:55,48,42,59.57,135,405,69,23.828,3190.148,3620,79.3,17.803,,35.41,,5892,491,,,,,,,,,
80, 18-04-2020 18:27:56,48,41,59.57,135,405,70,21.094,3289.84,3625,78.1,24.27,,35.65,,5904,492,,,,,,,,,
80, 18-04-2020 18:27:57,48,42,59.57,135,405,72,22.266,3190.149,3624,81.1,16.813,,35.43,,5916,493,,,,,,,,,
80, 18-04-2020 18:27:58,48,42,59.57,135,405,69,20.898,3190.148,3625,80.6,18.705,,35.42,,5928,494,,,,,,,,,
80, 18-04-2020 18:27:59,48,42,59.57,135,405,71,23.047,3190.148,3620,81.1,15.925,,35.42,,5940,495,,,,,,,,,
80, 18-04-2020 18:28:00,48,41,59.57,135,405,69,23.242,3289.841,3639,79,17.761,,35.64,,5952,496,,,,,,,,,
80, 18-04-2020 18:28:01,48,40,59.57,135,405,70,23.438,3289.841,3637,79.1,16.087,,35.41,,5964,497,,,,,,,,,
80, 18-04-2020 18:28:02,48,37,59.57,135,405,71,33.203,3190.149,3619,74.1,20.739,,35.41,,5976,498,,,,,,,,,
80, 18-04-2020 18:28:03,48,36,59.57,135,405,73,32.031,3090.453,3621,75.7,18.455,,35.41,,5988,499,,,,,,,,,
80, 18-04-2020 18:28:04,48,42,59.57,135,405,66,24.219,3190.145,3623,76.4,22.217,,35.77,,6000,500,,,,,,,,,
80, 18-04-2020 18:28:05,49,0,37.938,135,405,59,16.797,3289.842,3562,N/A                 ,0,,,,,,,,,,,,,,
80, 18-04-2020 18:28:06,48,0,37.938,135,405,58,13.281,897.229,3552,N/A                 ,0,,,,,,,,,,,,,,
80, 18-04-2020 18:28:08,0,0,37.938,405,405,58,9.697,897.229,3502,N/A                 ,0,,,,,,,,,,,,,,
80, 18-04-2020 18:28:08,48,0,37.938,135,405,58,10.772,897.229,3502,N/A                 ,0,,,,,,,,,,,,,,
80, 18-04-2020 18:28:09,48,0,37.938,135,405,57,8.008,1595.074,3494,N/A                 ,0,,,,,,,,,,,,,,
